ISO-10303-21;
HEADER;
/* Generated by software containing ST-Developer
 * from STEP Tools, Inc. (www.steptools.com) 
 */
/* OPTION: using custom renumber hook */

FILE_DESCRIPTION(
/* description */ ('STEP AP242 Edition 2',
'CAx-IF Rec.Pracs.---Representation and Presentation of Product Manufa
cturing Information (PMI)---4.0---2014-10-13',
'CAx-IF Rec.Pracs.---3D Tessellated Geometry---0.4---2014-09-14','2;1',
'CAx-IF Rec.Pracs.---User Defined Attributes---1.5---2016-08-15'),
/* implementation_level */ '2;1');

FILE_NAME(
/* name */ 'All Nonants',
/* time_stamp */ '2026-05-29T22:49:43Z',
/* author */ (''),
/* organization */ (''),
/* preprocessor_version */ 'ST-DEVELOPER v20',
/* originating_system */ 'ONSHAPE BY PTC INC, 1.215',
/* authorisation */ '  ');

FILE_SCHEMA (('AP242_MANAGED_MODEL_BASED_3D_ENGINEERING_MIM_LF { 1 0 10303 442 3 1 4 }'));
ENDSEC;

DATA;
#10=SHAPE_REPRESENTATION_RELATIONSHIP('','',#1919,#11);
#11=ADVANCED_BREP_SHAPE_REPRESENTATION('',(#1917),#3033);
#12=CYLINDRICAL_SURFACE('',#1994,0.00165);
#13=CYLINDRICAL_SURFACE('',#1996,0.00165);
#14=CYLINDRICAL_SURFACE('',#2011,0.001);
#15=CYLINDRICAL_SURFACE('',#2012,0.001);
#16=CYLINDRICAL_SURFACE('',#2013,0.001);
#17=CYLINDRICAL_SURFACE('',#2014,0.001);
#18=CIRCLE('',#1957,0.001);
#19=CIRCLE('',#1958,0.001);
#20=CIRCLE('',#1959,0.001);
#21=CIRCLE('',#1960,0.001);
#22=CIRCLE('',#1988,0.00165);
#23=CIRCLE('',#1989,0.00165);
#24=CIRCLE('',#1995,0.00165);
#25=CIRCLE('',#1997,0.00165);
#26=CIRCLE('',#2000,0.001);
#27=CIRCLE('',#2001,0.001);
#28=CIRCLE('',#2002,0.001);
#29=CIRCLE('',#2003,0.001);
#30=ORIENTED_EDGE('',*,*,#542,.T.);
#31=ORIENTED_EDGE('',*,*,#543,.T.);
#32=ORIENTED_EDGE('',*,*,#544,.F.);
#33=ORIENTED_EDGE('',*,*,#545,.F.);
#34=ORIENTED_EDGE('',*,*,#546,.T.);
#35=ORIENTED_EDGE('',*,*,#547,.T.);
#36=ORIENTED_EDGE('',*,*,#548,.F.);
#37=ORIENTED_EDGE('',*,*,#549,.F.);
#38=ORIENTED_EDGE('',*,*,#550,.T.);
#39=ORIENTED_EDGE('',*,*,#551,.T.);
#40=ORIENTED_EDGE('',*,*,#552,.F.);
#41=ORIENTED_EDGE('',*,*,#553,.F.);
#42=ORIENTED_EDGE('',*,*,#554,.T.);
#43=ORIENTED_EDGE('',*,*,#555,.T.);
#44=ORIENTED_EDGE('',*,*,#556,.F.);
#45=ORIENTED_EDGE('',*,*,#557,.F.);
#46=ORIENTED_EDGE('',*,*,#558,.T.);
#47=ORIENTED_EDGE('',*,*,#559,.T.);
#48=ORIENTED_EDGE('',*,*,#560,.F.);
#49=ORIENTED_EDGE('',*,*,#561,.F.);
#50=ORIENTED_EDGE('',*,*,#562,.T.);
#51=ORIENTED_EDGE('',*,*,#563,.T.);
#52=ORIENTED_EDGE('',*,*,#564,.F.);
#53=ORIENTED_EDGE('',*,*,#565,.F.);
#54=ORIENTED_EDGE('',*,*,#566,.T.);
#55=ORIENTED_EDGE('',*,*,#567,.F.);
#56=ORIENTED_EDGE('',*,*,#568,.F.);
#57=ORIENTED_EDGE('',*,*,#569,.T.);
#58=ORIENTED_EDGE('',*,*,#570,.T.);
#59=ORIENTED_EDGE('',*,*,#571,.T.);
#60=ORIENTED_EDGE('',*,*,#572,.F.);
#61=ORIENTED_EDGE('',*,*,#573,.F.);
#62=ORIENTED_EDGE('',*,*,#574,.T.);
#63=ORIENTED_EDGE('',*,*,#575,.F.);
#64=ORIENTED_EDGE('',*,*,#576,.T.);
#65=ORIENTED_EDGE('',*,*,#577,.T.);
#66=ORIENTED_EDGE('',*,*,#578,.F.);
#67=ORIENTED_EDGE('',*,*,#579,.F.);
#68=ORIENTED_EDGE('',*,*,#580,.F.);
#69=ORIENTED_EDGE('',*,*,#581,.T.);
#70=ORIENTED_EDGE('',*,*,#582,.F.);
#71=ORIENTED_EDGE('',*,*,#583,.F.);
#72=ORIENTED_EDGE('',*,*,#584,.T.);
#73=ORIENTED_EDGE('',*,*,#585,.T.);
#74=ORIENTED_EDGE('',*,*,#586,.F.);
#75=ORIENTED_EDGE('',*,*,#587,.F.);
#76=ORIENTED_EDGE('',*,*,#588,.T.);
#77=ORIENTED_EDGE('',*,*,#579,.T.);
#78=ORIENTED_EDGE('',*,*,#589,.F.);
#79=ORIENTED_EDGE('',*,*,#590,.T.);
#80=ORIENTED_EDGE('',*,*,#591,.T.);
#81=ORIENTED_EDGE('',*,*,#575,.T.);
#82=ORIENTED_EDGE('',*,*,#592,.F.);
#83=ORIENTED_EDGE('',*,*,#593,.T.);
#84=ORIENTED_EDGE('',*,*,#570,.F.);
#85=ORIENTED_EDGE('',*,*,#594,.F.);
#86=ORIENTED_EDGE('',*,*,#595,.F.);
#87=ORIENTED_EDGE('',*,*,#596,.T.);
#88=ORIENTED_EDGE('',*,*,#594,.T.);
#89=ORIENTED_EDGE('',*,*,#573,.T.);
#90=ORIENTED_EDGE('',*,*,#597,.F.);
#91=ORIENTED_EDGE('',*,*,#598,.T.);
#92=ORIENTED_EDGE('',*,*,#595,.T.);
#93=ORIENTED_EDGE('',*,*,#572,.T.);
#94=ORIENTED_EDGE('',*,*,#599,.F.);
#95=ORIENTED_EDGE('',*,*,#597,.T.);
#96=ORIENTED_EDGE('',*,*,#571,.F.);
#97=ORIENTED_EDGE('',*,*,#593,.F.);
#98=ORIENTED_EDGE('',*,*,#599,.T.);
#99=ORIENTED_EDGE('',*,*,#592,.T.);
#100=ORIENTED_EDGE('',*,*,#596,.F.);
#101=ORIENTED_EDGE('',*,*,#598,.F.);
#102=ORIENTED_EDGE('',*,*,#600,.F.);
#103=ORIENTED_EDGE('',*,*,#601,.T.);
#104=ORIENTED_EDGE('',*,*,#568,.T.);
#105=ORIENTED_EDGE('',*,*,#602,.F.);
#106=ORIENTED_EDGE('',*,*,#602,.T.);
#107=ORIENTED_EDGE('',*,*,#567,.T.);
#108=ORIENTED_EDGE('',*,*,#603,.F.);
#109=ORIENTED_EDGE('',*,*,#604,.F.);
#110=ORIENTED_EDGE('',*,*,#605,.F.);
#111=ORIENTED_EDGE('',*,*,#606,.T.);
#112=ORIENTED_EDGE('',*,*,#562,.F.);
#113=ORIENTED_EDGE('',*,*,#607,.F.);
#114=ORIENTED_EDGE('',*,*,#608,.F.);
#115=ORIENTED_EDGE('',*,*,#609,.T.);
#116=ORIENTED_EDGE('',*,*,#607,.T.);
#117=ORIENTED_EDGE('',*,*,#565,.T.);
#118=ORIENTED_EDGE('',*,*,#610,.F.);
#119=ORIENTED_EDGE('',*,*,#611,.T.);
#120=ORIENTED_EDGE('',*,*,#608,.T.);
#121=ORIENTED_EDGE('',*,*,#564,.T.);
#122=ORIENTED_EDGE('',*,*,#612,.F.);
#123=ORIENTED_EDGE('',*,*,#610,.T.);
#124=ORIENTED_EDGE('',*,*,#563,.F.);
#125=ORIENTED_EDGE('',*,*,#606,.F.);
#126=ORIENTED_EDGE('',*,*,#612,.T.);
#127=ORIENTED_EDGE('',*,*,#605,.T.);
#128=ORIENTED_EDGE('',*,*,#609,.F.);
#129=ORIENTED_EDGE('',*,*,#611,.F.);
#130=ORIENTED_EDGE('',*,*,#613,.F.);
#131=ORIENTED_EDGE('',*,*,#614,.T.);
#132=ORIENTED_EDGE('',*,*,#558,.F.);
#133=ORIENTED_EDGE('',*,*,#615,.F.);
#134=ORIENTED_EDGE('',*,*,#616,.F.);
#135=ORIENTED_EDGE('',*,*,#617,.T.);
#136=ORIENTED_EDGE('',*,*,#615,.T.);
#137=ORIENTED_EDGE('',*,*,#561,.T.);
#138=ORIENTED_EDGE('',*,*,#618,.F.);
#139=ORIENTED_EDGE('',*,*,#619,.T.);
#140=ORIENTED_EDGE('',*,*,#616,.T.);
#141=ORIENTED_EDGE('',*,*,#560,.T.);
#142=ORIENTED_EDGE('',*,*,#620,.F.);
#143=ORIENTED_EDGE('',*,*,#618,.T.);
#144=ORIENTED_EDGE('',*,*,#559,.F.);
#145=ORIENTED_EDGE('',*,*,#614,.F.);
#146=ORIENTED_EDGE('',*,*,#603,.T.);
#147=ORIENTED_EDGE('',*,*,#566,.F.);
#148=ORIENTED_EDGE('',*,*,#621,.F.);
#149=ORIENTED_EDGE('',*,*,#622,.T.);
#150=ORIENTED_EDGE('',*,*,#620,.T.);
#151=ORIENTED_EDGE('',*,*,#613,.T.);
#152=ORIENTED_EDGE('',*,*,#617,.F.);
#153=ORIENTED_EDGE('',*,*,#619,.F.);
#154=ORIENTED_EDGE('',*,*,#623,.F.);
#155=ORIENTED_EDGE('',*,*,#624,.T.);
#156=ORIENTED_EDGE('',*,*,#625,.T.);
#157=ORIENTED_EDGE('',*,*,#626,.F.);
#158=ORIENTED_EDGE('',*,*,#627,.F.);
#159=ORIENTED_EDGE('',*,*,#628,.T.);
#160=ORIENTED_EDGE('',*,*,#629,.T.);
#161=ORIENTED_EDGE('',*,*,#630,.F.);
#162=ORIENTED_EDGE('',*,*,#631,.T.);
#163=ORIENTED_EDGE('',*,*,#632,.T.);
#164=ORIENTED_EDGE('',*,*,#590,.F.);
#165=ORIENTED_EDGE('',*,*,#633,.F.);
#166=ORIENTED_EDGE('',*,*,#634,.T.);
#167=ORIENTED_EDGE('',*,*,#635,.T.);
#168=ORIENTED_EDGE('',*,*,#636,.F.);
#169=ORIENTED_EDGE('',*,*,#637,.F.);
#170=ORIENTED_EDGE('',*,*,#632,.F.);
#171=ORIENTED_EDGE('',*,*,#638,.T.);
#172=ORIENTED_EDGE('',*,*,#576,.F.);
#173=ORIENTED_EDGE('',*,*,#591,.F.);
#174=ORIENTED_EDGE('',*,*,#639,.F.);
#175=ORIENTED_EDGE('',*,*,#633,.T.);
#176=ORIENTED_EDGE('',*,*,#589,.T.);
#177=ORIENTED_EDGE('',*,*,#578,.T.);
#178=ORIENTED_EDGE('',*,*,#631,.F.);
#179=ORIENTED_EDGE('',*,*,#639,.T.);
#180=ORIENTED_EDGE('',*,*,#577,.F.);
#181=ORIENTED_EDGE('',*,*,#638,.F.);
#182=ORIENTED_EDGE('',*,*,#640,.F.);
#183=ORIENTED_EDGE('',*,*,#641,.F.);
#184=ORIENTED_EDGE('',*,*,#623,.T.);
#185=ORIENTED_EDGE('',*,*,#642,.T.);
#186=ORIENTED_EDGE('',*,*,#643,.T.);
#187=ORIENTED_EDGE('',*,*,#644,.F.);
#188=ORIENTED_EDGE('',*,*,#624,.F.);
#189=ORIENTED_EDGE('',*,*,#641,.T.);
#190=ORIENTED_EDGE('',*,*,#645,.T.);
#191=ORIENTED_EDGE('',*,*,#646,.F.);
#192=ORIENTED_EDGE('',*,*,#625,.F.);
#193=ORIENTED_EDGE('',*,*,#644,.T.);
#194=ORIENTED_EDGE('',*,*,#647,.F.);
#195=ORIENTED_EDGE('',*,*,#642,.F.);
#196=ORIENTED_EDGE('',*,*,#626,.T.);
#197=ORIENTED_EDGE('',*,*,#646,.T.);
#198=ORIENTED_EDGE('',*,*,#648,.T.);
#199=ORIENTED_EDGE('',*,*,#628,.F.);
#200=ORIENTED_EDGE('',*,*,#649,.F.);
#201=ORIENTED_EDGE('',*,*,#635,.F.);
#202=ORIENTED_EDGE('',*,*,#636,.T.);
#203=ORIENTED_EDGE('',*,*,#649,.T.);
#204=ORIENTED_EDGE('',*,*,#627,.T.);
#205=ORIENTED_EDGE('',*,*,#650,.F.);
#206=ORIENTED_EDGE('',*,*,#637,.T.);
#207=ORIENTED_EDGE('',*,*,#650,.T.);
#208=ORIENTED_EDGE('',*,*,#630,.T.);
#209=ORIENTED_EDGE('',*,*,#651,.F.);
#210=ORIENTED_EDGE('',*,*,#651,.T.);
#211=ORIENTED_EDGE('',*,*,#629,.F.);
#212=ORIENTED_EDGE('',*,*,#648,.F.);
#213=ORIENTED_EDGE('',*,*,#634,.F.);
#214=ORIENTED_EDGE('',*,*,#652,.F.);
#215=ORIENTED_EDGE('',*,*,#653,.T.);
#216=ORIENTED_EDGE('',*,*,#654,.T.);
#217=ORIENTED_EDGE('',*,*,#655,.F.);
#218=ORIENTED_EDGE('',*,*,#656,.F.);
#219=ORIENTED_EDGE('',*,*,#657,.T.);
#220=ORIENTED_EDGE('',*,*,#658,.T.);
#221=ORIENTED_EDGE('',*,*,#659,.F.);
#222=ORIENTED_EDGE('',*,*,#660,.T.);
#223=ORIENTED_EDGE('',*,*,#661,.T.);
#224=ORIENTED_EDGE('',*,*,#662,.F.);
#225=ORIENTED_EDGE('',*,*,#663,.F.);
#226=ORIENTED_EDGE('',*,*,#664,.T.);
#227=ORIENTED_EDGE('',*,*,#665,.T.);
#228=ORIENTED_EDGE('',*,*,#666,.F.);
#229=ORIENTED_EDGE('',*,*,#667,.F.);
#230=ORIENTED_EDGE('',*,*,#668,.T.);
#231=ORIENTED_EDGE('',*,*,#621,.T.);
#232=ORIENTED_EDGE('',*,*,#569,.F.);
#233=ORIENTED_EDGE('',*,*,#601,.F.);
#234=ORIENTED_EDGE('',*,*,#669,.F.);
#235=ORIENTED_EDGE('',*,*,#670,.T.);
#236=ORIENTED_EDGE('',*,*,#671,.T.);
#237=ORIENTED_EDGE('',*,*,#672,.T.);
#238=ORIENTED_EDGE('',*,*,#673,.T.);
#239=ORIENTED_EDGE('',*,*,#674,.T.);
#240=ORIENTED_EDGE('',*,*,#675,.F.);
#241=ORIENTED_EDGE('',*,*,#676,.T.);
#242=ORIENTED_EDGE('',*,*,#661,.F.);
#243=ORIENTED_EDGE('',*,*,#677,.T.);
#244=ORIENTED_EDGE('',*,*,#554,.F.);
#245=ORIENTED_EDGE('',*,*,#678,.F.);
#246=ORIENTED_EDGE('',*,*,#679,.F.);
#247=ORIENTED_EDGE('',*,*,#662,.T.);
#248=ORIENTED_EDGE('',*,*,#678,.T.);
#249=ORIENTED_EDGE('',*,*,#557,.T.);
#250=ORIENTED_EDGE('',*,*,#680,.F.);
#251=ORIENTED_EDGE('',*,*,#663,.T.);
#252=ORIENTED_EDGE('',*,*,#679,.T.);
#253=ORIENTED_EDGE('',*,*,#556,.T.);
#254=ORIENTED_EDGE('',*,*,#660,.F.);
#255=ORIENTED_EDGE('',*,*,#680,.T.);
#256=ORIENTED_EDGE('',*,*,#555,.F.);
#257=ORIENTED_EDGE('',*,*,#677,.F.);
#258=ORIENTED_EDGE('',*,*,#681,.F.);
#259=ORIENTED_EDGE('',*,*,#682,.F.);
#260=ORIENTED_EDGE('',*,*,#652,.T.);
#261=ORIENTED_EDGE('',*,*,#683,.T.);
#262=ORIENTED_EDGE('',*,*,#684,.T.);
#263=ORIENTED_EDGE('',*,*,#685,.F.);
#264=ORIENTED_EDGE('',*,*,#653,.F.);
#265=ORIENTED_EDGE('',*,*,#682,.T.);
#266=ORIENTED_EDGE('',*,*,#686,.T.);
#267=ORIENTED_EDGE('',*,*,#687,.F.);
#268=ORIENTED_EDGE('',*,*,#654,.F.);
#269=ORIENTED_EDGE('',*,*,#685,.T.);
#270=ORIENTED_EDGE('',*,*,#688,.F.);
#271=ORIENTED_EDGE('',*,*,#683,.F.);
#272=ORIENTED_EDGE('',*,*,#655,.T.);
#273=ORIENTED_EDGE('',*,*,#687,.T.);
#274=ORIENTED_EDGE('',*,*,#689,.T.);
#275=ORIENTED_EDGE('',*,*,#657,.F.);
#276=ORIENTED_EDGE('',*,*,#690,.F.);
#277=ORIENTED_EDGE('',*,*,#665,.F.);
#278=ORIENTED_EDGE('',*,*,#666,.T.);
#279=ORIENTED_EDGE('',*,*,#690,.T.);
#280=ORIENTED_EDGE('',*,*,#656,.T.);
#281=ORIENTED_EDGE('',*,*,#691,.F.);
#282=ORIENTED_EDGE('',*,*,#667,.T.);
#283=ORIENTED_EDGE('',*,*,#691,.T.);
#284=ORIENTED_EDGE('',*,*,#659,.T.);
#285=ORIENTED_EDGE('',*,*,#692,.F.);
#286=ORIENTED_EDGE('',*,*,#692,.T.);
#287=ORIENTED_EDGE('',*,*,#658,.F.);
#288=ORIENTED_EDGE('',*,*,#689,.F.);
#289=ORIENTED_EDGE('',*,*,#664,.F.);
#290=ORIENTED_EDGE('',*,*,#693,.F.);
#291=ORIENTED_EDGE('',*,*,#694,.T.);
#292=ORIENTED_EDGE('',*,*,#695,.T.);
#293=ORIENTED_EDGE('',*,*,#696,.F.);
#294=ORIENTED_EDGE('',*,*,#697,.F.);
#295=ORIENTED_EDGE('',*,*,#698,.T.);
#296=ORIENTED_EDGE('',*,*,#699,.T.);
#297=ORIENTED_EDGE('',*,*,#700,.F.);
#298=ORIENTED_EDGE('',*,*,#701,.T.);
#299=ORIENTED_EDGE('',*,*,#702,.T.);
#300=ORIENTED_EDGE('',*,*,#703,.F.);
#301=ORIENTED_EDGE('',*,*,#704,.F.);
#302=ORIENTED_EDGE('',*,*,#705,.T.);
#303=ORIENTED_EDGE('',*,*,#706,.T.);
#304=ORIENTED_EDGE('',*,*,#707,.F.);
#305=ORIENTED_EDGE('',*,*,#708,.F.);
#306=ORIENTED_EDGE('',*,*,#702,.F.);
#307=ORIENTED_EDGE('',*,*,#709,.T.);
#308=ORIENTED_EDGE('',*,*,#550,.F.);
#309=ORIENTED_EDGE('',*,*,#710,.F.);
#310=ORIENTED_EDGE('',*,*,#711,.F.);
#311=ORIENTED_EDGE('',*,*,#703,.T.);
#312=ORIENTED_EDGE('',*,*,#710,.T.);
#313=ORIENTED_EDGE('',*,*,#553,.T.);
#314=ORIENTED_EDGE('',*,*,#712,.F.);
#315=ORIENTED_EDGE('',*,*,#704,.T.);
#316=ORIENTED_EDGE('',*,*,#711,.T.);
#317=ORIENTED_EDGE('',*,*,#552,.T.);
#318=ORIENTED_EDGE('',*,*,#701,.F.);
#319=ORIENTED_EDGE('',*,*,#712,.T.);
#320=ORIENTED_EDGE('',*,*,#551,.F.);
#321=ORIENTED_EDGE('',*,*,#709,.F.);
#322=ORIENTED_EDGE('',*,*,#713,.F.);
#323=ORIENTED_EDGE('',*,*,#714,.F.);
#324=ORIENTED_EDGE('',*,*,#693,.T.);
#325=ORIENTED_EDGE('',*,*,#715,.T.);
#326=ORIENTED_EDGE('',*,*,#716,.T.);
#327=ORIENTED_EDGE('',*,*,#717,.F.);
#328=ORIENTED_EDGE('',*,*,#694,.F.);
#329=ORIENTED_EDGE('',*,*,#714,.T.);
#330=ORIENTED_EDGE('',*,*,#718,.T.);
#331=ORIENTED_EDGE('',*,*,#719,.F.);
#332=ORIENTED_EDGE('',*,*,#695,.F.);
#333=ORIENTED_EDGE('',*,*,#717,.T.);
#334=ORIENTED_EDGE('',*,*,#720,.F.);
#335=ORIENTED_EDGE('',*,*,#715,.F.);
#336=ORIENTED_EDGE('',*,*,#696,.T.);
#337=ORIENTED_EDGE('',*,*,#719,.T.);
#338=ORIENTED_EDGE('',*,*,#721,.T.);
#339=ORIENTED_EDGE('',*,*,#698,.F.);
#340=ORIENTED_EDGE('',*,*,#722,.F.);
#341=ORIENTED_EDGE('',*,*,#706,.F.);
#342=ORIENTED_EDGE('',*,*,#707,.T.);
#343=ORIENTED_EDGE('',*,*,#722,.T.);
#344=ORIENTED_EDGE('',*,*,#697,.T.);
#345=ORIENTED_EDGE('',*,*,#723,.F.);
#346=ORIENTED_EDGE('',*,*,#708,.T.);
#347=ORIENTED_EDGE('',*,*,#723,.T.);
#348=ORIENTED_EDGE('',*,*,#700,.T.);
#349=ORIENTED_EDGE('',*,*,#724,.F.);
#350=ORIENTED_EDGE('',*,*,#724,.T.);
#351=ORIENTED_EDGE('',*,*,#699,.F.);
#352=ORIENTED_EDGE('',*,*,#721,.F.);
#353=ORIENTED_EDGE('',*,*,#705,.F.);
#354=ORIENTED_EDGE('',*,*,#725,.T.);
#355=ORIENTED_EDGE('',*,*,#726,.T.);
#356=ORIENTED_EDGE('',*,*,#727,.F.);
#357=ORIENTED_EDGE('',*,*,#728,.F.);
#358=ORIENTED_EDGE('',*,*,#729,.F.);
#359=ORIENTED_EDGE('',*,*,#730,.T.);
#360=ORIENTED_EDGE('',*,*,#726,.F.);
#361=ORIENTED_EDGE('',*,*,#731,.T.);
#362=ORIENTED_EDGE('',*,*,#546,.F.);
#363=ORIENTED_EDGE('',*,*,#732,.F.);
#364=ORIENTED_EDGE('',*,*,#733,.F.);
#365=ORIENTED_EDGE('',*,*,#727,.T.);
#366=ORIENTED_EDGE('',*,*,#732,.T.);
#367=ORIENTED_EDGE('',*,*,#549,.T.);
#368=ORIENTED_EDGE('',*,*,#734,.F.);
#369=ORIENTED_EDGE('',*,*,#728,.T.);
#370=ORIENTED_EDGE('',*,*,#733,.T.);
#371=ORIENTED_EDGE('',*,*,#548,.T.);
#372=ORIENTED_EDGE('',*,*,#725,.F.);
#373=ORIENTED_EDGE('',*,*,#734,.T.);
#374=ORIENTED_EDGE('',*,*,#547,.F.);
#375=ORIENTED_EDGE('',*,*,#731,.F.);
#376=ORIENTED_EDGE('',*,*,#735,.F.);
#377=ORIENTED_EDGE('',*,*,#729,.T.);
#378=ORIENTED_EDGE('',*,*,#736,.T.);
#379=ORIENTED_EDGE('',*,*,#730,.F.);
#380=ORIENTED_EDGE('',*,*,#737,.F.);
#381=ORIENTED_EDGE('',*,*,#738,.T.);
#382=ORIENTED_EDGE('',*,*,#584,.F.);
#383=ORIENTED_EDGE('',*,*,#739,.F.);
#384=ORIENTED_EDGE('',*,*,#740,.T.);
#385=ORIENTED_EDGE('',*,*,#741,.T.);
#386=ORIENTED_EDGE('',*,*,#742,.T.);
#387=ORIENTED_EDGE('',*,*,#743,.T.);
#388=ORIENTED_EDGE('',*,*,#744,.F.);
#389=ORIENTED_EDGE('',*,*,#745,.T.);
#390=ORIENTED_EDGE('',*,*,#746,.F.);
#391=ORIENTED_EDGE('',*,*,#747,.T.);
#392=ORIENTED_EDGE('',*,*,#748,.F.);
#393=ORIENTED_EDGE('',*,*,#749,.T.);
#394=ORIENTED_EDGE('',*,*,#739,.T.);
#395=ORIENTED_EDGE('',*,*,#583,.T.);
#396=ORIENTED_EDGE('',*,*,#750,.F.);
#397=ORIENTED_EDGE('',*,*,#751,.T.);
#398=ORIENTED_EDGE('',*,*,#748,.T.);
#399=ORIENTED_EDGE('',*,*,#582,.T.);
#400=ORIENTED_EDGE('',*,*,#752,.F.);
#401=ORIENTED_EDGE('',*,*,#585,.F.);
#402=ORIENTED_EDGE('',*,*,#738,.F.);
#403=ORIENTED_EDGE('',*,*,#753,.F.);
#404=ORIENTED_EDGE('',*,*,#750,.T.);
#405=ORIENTED_EDGE('',*,*,#581,.F.);
#406=ORIENTED_EDGE('',*,*,#754,.T.);
#407=ORIENTED_EDGE('',*,*,#755,.F.);
#408=ORIENTED_EDGE('',*,*,#753,.T.);
#409=ORIENTED_EDGE('',*,*,#737,.T.);
#410=ORIENTED_EDGE('',*,*,#749,.F.);
#411=ORIENTED_EDGE('',*,*,#751,.F.);
#412=ORIENTED_EDGE('',*,*,#673,.F.);
#413=ORIENTED_EDGE('',*,*,#756,.T.);
#414=ORIENTED_EDGE('',*,*,#740,.F.);
#415=ORIENTED_EDGE('',*,*,#757,.T.);
#416=ORIENTED_EDGE('',*,*,#675,.T.);
#417=ORIENTED_EDGE('',*,*,#758,.T.);
#418=ORIENTED_EDGE('',*,*,#746,.T.);
#419=ORIENTED_EDGE('',*,*,#759,.T.);
#420=ORIENTED_EDGE('',*,*,#742,.F.);
#421=ORIENTED_EDGE('',*,*,#760,.T.);
#422=ORIENTED_EDGE('',*,*,#671,.F.);
#423=ORIENTED_EDGE('',*,*,#761,.T.);
#424=ORIENTED_EDGE('',*,*,#669,.T.);
#425=ORIENTED_EDGE('',*,*,#762,.T.);
#426=ORIENTED_EDGE('',*,*,#744,.T.);
#427=ORIENTED_EDGE('',*,*,#763,.T.);
#428=ORIENTED_EDGE('',*,*,#741,.F.);
#429=ORIENTED_EDGE('',*,*,#756,.F.);
#430=ORIENTED_EDGE('',*,*,#672,.F.);
#431=ORIENTED_EDGE('',*,*,#760,.F.);
#432=ORIENTED_EDGE('',*,*,#747,.F.);
#433=ORIENTED_EDGE('',*,*,#758,.F.);
#434=ORIENTED_EDGE('',*,*,#674,.F.);
#435=ORIENTED_EDGE('',*,*,#757,.F.);
#436=ORIENTED_EDGE('',*,*,#745,.F.);
#437=ORIENTED_EDGE('',*,*,#762,.F.);
#438=ORIENTED_EDGE('',*,*,#676,.F.);
#439=ORIENTED_EDGE('',*,*,#759,.F.);
#440=ORIENTED_EDGE('',*,*,#743,.F.);
#441=ORIENTED_EDGE('',*,*,#761,.F.);
#442=ORIENTED_EDGE('',*,*,#670,.F.);
#443=ORIENTED_EDGE('',*,*,#763,.F.);
#444=ORIENTED_EDGE('',*,*,#580,.T.);
#445=ORIENTED_EDGE('',*,*,#588,.F.);
#446=ORIENTED_EDGE('',*,*,#764,.F.);
#447=ORIENTED_EDGE('',*,*,#754,.F.);
#448=ORIENTED_EDGE('',*,*,#752,.T.);
#449=ORIENTED_EDGE('',*,*,#765,.T.);
#450=ORIENTED_EDGE('',*,*,#586,.T.);
#451=ORIENTED_EDGE('',*,*,#574,.F.);
#452=ORIENTED_EDGE('',*,*,#755,.T.);
#453=ORIENTED_EDGE('',*,*,#764,.T.);
#454=ORIENTED_EDGE('',*,*,#587,.T.);
#455=ORIENTED_EDGE('',*,*,#765,.F.);
#456=ORIENTED_EDGE('',*,*,#766,.F.);
#457=ORIENTED_EDGE('',*,*,#767,.T.);
#458=ORIENTED_EDGE('',*,*,#768,.T.);
#459=ORIENTED_EDGE('',*,*,#769,.F.);
#460=ORIENTED_EDGE('',*,*,#770,.F.);
#461=ORIENTED_EDGE('',*,*,#771,.T.);
#462=ORIENTED_EDGE('',*,*,#772,.T.);
#463=ORIENTED_EDGE('',*,*,#773,.F.);
#464=ORIENTED_EDGE('',*,*,#774,.T.);
#465=ORIENTED_EDGE('',*,*,#775,.T.);
#466=ORIENTED_EDGE('',*,*,#776,.F.);
#467=ORIENTED_EDGE('',*,*,#777,.F.);
#468=ORIENTED_EDGE('',*,*,#778,.T.);
#469=ORIENTED_EDGE('',*,*,#779,.T.);
#470=ORIENTED_EDGE('',*,*,#780,.F.);
#471=ORIENTED_EDGE('',*,*,#781,.F.);
#472=ORIENTED_EDGE('',*,*,#775,.F.);
#473=ORIENTED_EDGE('',*,*,#782,.T.);
#474=ORIENTED_EDGE('',*,*,#542,.F.);
#475=ORIENTED_EDGE('',*,*,#783,.F.);
#476=ORIENTED_EDGE('',*,*,#784,.F.);
#477=ORIENTED_EDGE('',*,*,#776,.T.);
#478=ORIENTED_EDGE('',*,*,#783,.T.);
#479=ORIENTED_EDGE('',*,*,#545,.T.);
#480=ORIENTED_EDGE('',*,*,#785,.F.);
#481=ORIENTED_EDGE('',*,*,#777,.T.);
#482=ORIENTED_EDGE('',*,*,#784,.T.);
#483=ORIENTED_EDGE('',*,*,#544,.T.);
#484=ORIENTED_EDGE('',*,*,#774,.F.);
#485=ORIENTED_EDGE('',*,*,#785,.T.);
#486=ORIENTED_EDGE('',*,*,#543,.F.);
#487=ORIENTED_EDGE('',*,*,#782,.F.);
#488=ORIENTED_EDGE('',*,*,#786,.F.);
#489=ORIENTED_EDGE('',*,*,#787,.F.);
#490=ORIENTED_EDGE('',*,*,#766,.T.);
#491=ORIENTED_EDGE('',*,*,#788,.T.);
#492=ORIENTED_EDGE('',*,*,#789,.T.);
#493=ORIENTED_EDGE('',*,*,#790,.F.);
#494=ORIENTED_EDGE('',*,*,#767,.F.);
#495=ORIENTED_EDGE('',*,*,#787,.T.);
#496=ORIENTED_EDGE('',*,*,#791,.T.);
#497=ORIENTED_EDGE('',*,*,#792,.F.);
#498=ORIENTED_EDGE('',*,*,#768,.F.);
#499=ORIENTED_EDGE('',*,*,#790,.T.);
#500=ORIENTED_EDGE('',*,*,#793,.F.);
#501=ORIENTED_EDGE('',*,*,#788,.F.);
#502=ORIENTED_EDGE('',*,*,#769,.T.);
#503=ORIENTED_EDGE('',*,*,#792,.T.);
#504=ORIENTED_EDGE('',*,*,#794,.T.);
#505=ORIENTED_EDGE('',*,*,#771,.F.);
#506=ORIENTED_EDGE('',*,*,#795,.F.);
#507=ORIENTED_EDGE('',*,*,#779,.F.);
#508=ORIENTED_EDGE('',*,*,#780,.T.);
#509=ORIENTED_EDGE('',*,*,#795,.T.);
#510=ORIENTED_EDGE('',*,*,#770,.T.);
#511=ORIENTED_EDGE('',*,*,#796,.F.);
#512=ORIENTED_EDGE('',*,*,#781,.T.);
#513=ORIENTED_EDGE('',*,*,#796,.T.);
#514=ORIENTED_EDGE('',*,*,#773,.T.);
#515=ORIENTED_EDGE('',*,*,#797,.F.);
#516=ORIENTED_EDGE('',*,*,#797,.T.);
#517=ORIENTED_EDGE('',*,*,#772,.F.);
#518=ORIENTED_EDGE('',*,*,#794,.F.);
#519=ORIENTED_EDGE('',*,*,#778,.F.);
#520=ORIENTED_EDGE('',*,*,#604,.T.);
#521=ORIENTED_EDGE('',*,*,#622,.F.);
#522=ORIENTED_EDGE('',*,*,#668,.F.);
#523=ORIENTED_EDGE('',*,*,#600,.T.);
#524=ORIENTED_EDGE('',*,*,#643,.F.);
#525=ORIENTED_EDGE('',*,*,#640,.T.);
#526=ORIENTED_EDGE('',*,*,#647,.T.);
#527=ORIENTED_EDGE('',*,*,#645,.F.);
#528=ORIENTED_EDGE('',*,*,#684,.F.);
#529=ORIENTED_EDGE('',*,*,#681,.T.);
#530=ORIENTED_EDGE('',*,*,#688,.T.);
#531=ORIENTED_EDGE('',*,*,#686,.F.);
#532=ORIENTED_EDGE('',*,*,#716,.F.);
#533=ORIENTED_EDGE('',*,*,#713,.T.);
#534=ORIENTED_EDGE('',*,*,#720,.T.);
#535=ORIENTED_EDGE('',*,*,#718,.F.);
#536=ORIENTED_EDGE('',*,*,#735,.T.);
#537=ORIENTED_EDGE('',*,*,#736,.F.);
#538=ORIENTED_EDGE('',*,*,#789,.F.);
#539=ORIENTED_EDGE('',*,*,#786,.T.);
#540=ORIENTED_EDGE('',*,*,#793,.T.);
#541=ORIENTED_EDGE('',*,*,#791,.F.);
#542=EDGE_CURVE('',#798,#799,#970,.T.);
#543=EDGE_CURVE('',#799,#800,#971,.T.);
#544=EDGE_CURVE('',#801,#800,#972,.T.);
#545=EDGE_CURVE('',#798,#801,#973,.T.);
#546=EDGE_CURVE('',#802,#803,#974,.T.);
#547=EDGE_CURVE('',#803,#804,#975,.T.);
#548=EDGE_CURVE('',#805,#804,#976,.T.);
#549=EDGE_CURVE('',#802,#805,#977,.T.);
#550=EDGE_CURVE('',#806,#807,#978,.T.);
#551=EDGE_CURVE('',#807,#808,#979,.T.);
#552=EDGE_CURVE('',#809,#808,#980,.T.);
#553=EDGE_CURVE('',#806,#809,#981,.T.);
#554=EDGE_CURVE('',#810,#811,#982,.T.);
#555=EDGE_CURVE('',#811,#812,#983,.T.);
#556=EDGE_CURVE('',#813,#812,#984,.T.);
#557=EDGE_CURVE('',#810,#813,#985,.T.);
#558=EDGE_CURVE('',#814,#815,#986,.T.);
#559=EDGE_CURVE('',#815,#816,#987,.T.);
#560=EDGE_CURVE('',#817,#816,#988,.T.);
#561=EDGE_CURVE('',#814,#817,#989,.T.);
#562=EDGE_CURVE('',#818,#819,#990,.T.);
#563=EDGE_CURVE('',#819,#820,#991,.T.);
#564=EDGE_CURVE('',#821,#820,#992,.T.);
#565=EDGE_CURVE('',#818,#821,#993,.T.);
#566=EDGE_CURVE('',#822,#823,#994,.T.);
#567=EDGE_CURVE('',#824,#823,#995,.T.);
#568=EDGE_CURVE('',#825,#824,#996,.T.);
#569=EDGE_CURVE('',#825,#822,#997,.T.);
#570=EDGE_CURVE('',#826,#827,#998,.T.);
#571=EDGE_CURVE('',#827,#828,#999,.T.);
#572=EDGE_CURVE('',#829,#828,#1000,.T.);
#573=EDGE_CURVE('',#826,#829,#1001,.T.);
#574=EDGE_CURVE('',#830,#831,#1002,.T.);
#575=EDGE_CURVE('',#832,#831,#1003,.T.);
#576=EDGE_CURVE('',#832,#833,#1004,.T.);
#577=EDGE_CURVE('',#833,#834,#1005,.T.);
#578=EDGE_CURVE('',#835,#834,#1006,.T.);
#579=EDGE_CURVE('',#836,#835,#1007,.T.);
#580=EDGE_CURVE('',#837,#836,#1008,.T.);
#581=EDGE_CURVE('',#837,#838,#1009,.T.);
#582=EDGE_CURVE('',#839,#838,#1010,.T.);
#583=EDGE_CURVE('',#840,#839,#1011,.T.);
#584=EDGE_CURVE('',#840,#841,#1012,.T.);
#585=EDGE_CURVE('',#841,#830,#1013,.T.);
#586=EDGE_CURVE('',#842,#831,#1014,.T.);
#587=EDGE_CURVE('',#843,#842,#1015,.T.);
#588=EDGE_CURVE('',#843,#836,#1016,.T.);
#589=EDGE_CURVE('',#844,#835,#1017,.T.);
#590=EDGE_CURVE('',#844,#845,#1018,.T.);
#591=EDGE_CURVE('',#845,#832,#1019,.T.);
#592=EDGE_CURVE('',#846,#847,#1020,.T.);
#593=EDGE_CURVE('',#846,#827,#1021,.T.);
#594=EDGE_CURVE('',#847,#826,#1022,.T.);
#595=EDGE_CURVE('',#848,#829,#1023,.T.);
#596=EDGE_CURVE('',#848,#847,#1024,.T.);
#597=EDGE_CURVE('',#849,#828,#1025,.T.);
#598=EDGE_CURVE('',#849,#848,#1026,.T.);
#599=EDGE_CURVE('',#849,#846,#1027,.T.);
#600=EDGE_CURVE('',#850,#851,#1028,.T.);
#601=EDGE_CURVE('',#850,#825,#1029,.T.);
#602=EDGE_CURVE('',#851,#824,#1030,.T.);
#603=EDGE_CURVE('',#852,#823,#1031,.T.);
#604=EDGE_CURVE('',#851,#852,#1032,.T.);
#605=EDGE_CURVE('',#853,#854,#1033,.T.);
#606=EDGE_CURVE('',#853,#819,#1034,.T.);
#607=EDGE_CURVE('',#854,#818,#1035,.T.);
#608=EDGE_CURVE('',#855,#821,#1036,.T.);
#609=EDGE_CURVE('',#855,#854,#1037,.T.);
#610=EDGE_CURVE('',#856,#820,#1038,.T.);
#611=EDGE_CURVE('',#856,#855,#1039,.T.);
#612=EDGE_CURVE('',#856,#853,#1040,.T.);
#613=EDGE_CURVE('',#857,#858,#1041,.T.);
#614=EDGE_CURVE('',#857,#815,#1042,.T.);
#615=EDGE_CURVE('',#858,#814,#1043,.T.);
#616=EDGE_CURVE('',#859,#817,#1044,.T.);
#617=EDGE_CURVE('',#859,#858,#1045,.T.);
#618=EDGE_CURVE('',#860,#816,#1046,.T.);
#619=EDGE_CURVE('',#860,#859,#1047,.T.);
#620=EDGE_CURVE('',#860,#857,#1048,.T.);
#621=EDGE_CURVE('',#861,#822,#1049,.T.);
#622=EDGE_CURVE('',#861,#852,#1050,.T.);
#623=EDGE_CURVE('',#862,#863,#1051,.T.);
#624=EDGE_CURVE('',#862,#864,#1052,.T.);
#625=EDGE_CURVE('',#864,#865,#1053,.T.);
#626=EDGE_CURVE('',#863,#865,#1054,.T.);
#627=EDGE_CURVE('',#866,#867,#1055,.T.);
#628=EDGE_CURVE('',#866,#868,#1056,.T.);
#629=EDGE_CURVE('',#868,#869,#1057,.T.);
#630=EDGE_CURVE('',#867,#869,#1058,.T.);
#631=EDGE_CURVE('',#870,#871,#1059,.T.);
#632=EDGE_CURVE('',#871,#845,#1060,.T.);
#633=EDGE_CURVE('',#870,#844,#1061,.T.);
#634=EDGE_CURVE('',#872,#873,#1062,.T.);
#635=EDGE_CURVE('',#873,#874,#1063,.T.);
#636=EDGE_CURVE('',#875,#874,#1064,.T.);
#637=EDGE_CURVE('',#872,#875,#1065,.T.);
#638=EDGE_CURVE('',#871,#833,#1066,.T.);
#639=EDGE_CURVE('',#870,#834,#1067,.T.);
#640=EDGE_CURVE('',#876,#877,#1068,.T.);
#641=EDGE_CURVE('',#862,#876,#1069,.T.);
#642=EDGE_CURVE('',#863,#877,#1070,.T.);
#643=EDGE_CURVE('',#876,#878,#1071,.T.);
#644=EDGE_CURVE('',#864,#878,#1072,.T.);
#645=EDGE_CURVE('',#878,#879,#1073,.T.);
#646=EDGE_CURVE('',#865,#879,#1074,.T.);
#647=EDGE_CURVE('',#877,#879,#1075,.T.);
#648=EDGE_CURVE('',#873,#868,#1076,.T.);
#649=EDGE_CURVE('',#874,#866,#1077,.T.);
#650=EDGE_CURVE('',#875,#867,#1078,.T.);
#651=EDGE_CURVE('',#872,#869,#1079,.T.);
#652=EDGE_CURVE('',#880,#881,#1080,.T.);
#653=EDGE_CURVE('',#880,#882,#1081,.T.);
#654=EDGE_CURVE('',#882,#883,#1082,.T.);
#655=EDGE_CURVE('',#881,#883,#1083,.T.);
#656=EDGE_CURVE('',#884,#885,#1084,.T.);
#657=EDGE_CURVE('',#884,#886,#1085,.T.);
#658=EDGE_CURVE('',#886,#887,#1086,.T.);
#659=EDGE_CURVE('',#885,#887,#1087,.T.);
#660=EDGE_CURVE('',#888,#889,#1088,.T.);
#661=EDGE_CURVE('',#889,#890,#1089,.T.);
#662=EDGE_CURVE('',#891,#890,#1090,.T.);
#663=EDGE_CURVE('',#888,#891,#1091,.T.);
#664=EDGE_CURVE('',#892,#893,#1092,.T.);
#665=EDGE_CURVE('',#893,#894,#1093,.T.);
#666=EDGE_CURVE('',#895,#894,#1094,.T.);
#667=EDGE_CURVE('',#892,#895,#1095,.T.);
#668=EDGE_CURVE('',#850,#861,#1096,.T.);
#669=EDGE_CURVE('',#896,#897,#1097,.T.);
#670=EDGE_CURVE('',#896,#898,#18,.F.);
#671=EDGE_CURVE('',#898,#899,#1098,.T.);
#672=EDGE_CURVE('',#899,#900,#19,.F.);
#673=EDGE_CURVE('',#900,#901,#1099,.T.);
#674=EDGE_CURVE('',#901,#902,#20,.F.);
#675=EDGE_CURVE('',#903,#902,#1100,.T.);
#676=EDGE_CURVE('',#903,#897,#21,.F.);
#677=EDGE_CURVE('',#889,#811,#1101,.T.);
#678=EDGE_CURVE('',#890,#810,#1102,.T.);
#679=EDGE_CURVE('',#891,#813,#1103,.T.);
#680=EDGE_CURVE('',#888,#812,#1104,.T.);
#681=EDGE_CURVE('',#904,#905,#1105,.T.);
#682=EDGE_CURVE('',#880,#904,#1106,.T.);
#683=EDGE_CURVE('',#881,#905,#1107,.T.);
#684=EDGE_CURVE('',#904,#906,#1108,.T.);
#685=EDGE_CURVE('',#882,#906,#1109,.T.);
#686=EDGE_CURVE('',#906,#907,#1110,.T.);
#687=EDGE_CURVE('',#883,#907,#1111,.T.);
#688=EDGE_CURVE('',#905,#907,#1112,.T.);
#689=EDGE_CURVE('',#893,#886,#1113,.T.);
#690=EDGE_CURVE('',#894,#884,#1114,.T.);
#691=EDGE_CURVE('',#895,#885,#1115,.T.);
#692=EDGE_CURVE('',#892,#887,#1116,.T.);
#693=EDGE_CURVE('',#908,#909,#1117,.T.);
#694=EDGE_CURVE('',#908,#910,#1118,.T.);
#695=EDGE_CURVE('',#910,#911,#1119,.T.);
#696=EDGE_CURVE('',#909,#911,#1120,.T.);
#697=EDGE_CURVE('',#912,#913,#1121,.T.);
#698=EDGE_CURVE('',#912,#914,#1122,.T.);
#699=EDGE_CURVE('',#914,#915,#1123,.T.);
#700=EDGE_CURVE('',#913,#915,#1124,.T.);
#701=EDGE_CURVE('',#916,#917,#1125,.T.);
#702=EDGE_CURVE('',#917,#918,#1126,.T.);
#703=EDGE_CURVE('',#919,#918,#1127,.T.);
#704=EDGE_CURVE('',#916,#919,#1128,.T.);
#705=EDGE_CURVE('',#920,#921,#1129,.T.);
#706=EDGE_CURVE('',#921,#922,#1130,.T.);
#707=EDGE_CURVE('',#923,#922,#1131,.T.);
#708=EDGE_CURVE('',#920,#923,#1132,.T.);
#709=EDGE_CURVE('',#917,#807,#1133,.T.);
#710=EDGE_CURVE('',#918,#806,#1134,.T.);
#711=EDGE_CURVE('',#919,#809,#1135,.T.);
#712=EDGE_CURVE('',#916,#808,#1136,.T.);
#713=EDGE_CURVE('',#924,#925,#1137,.T.);
#714=EDGE_CURVE('',#908,#924,#1138,.T.);
#715=EDGE_CURVE('',#909,#925,#1139,.T.);
#716=EDGE_CURVE('',#924,#926,#1140,.T.);
#717=EDGE_CURVE('',#910,#926,#1141,.T.);
#718=EDGE_CURVE('',#926,#927,#1142,.T.);
#719=EDGE_CURVE('',#911,#927,#1143,.T.);
#720=EDGE_CURVE('',#925,#927,#1144,.T.);
#721=EDGE_CURVE('',#921,#914,#1145,.T.);
#722=EDGE_CURVE('',#922,#912,#1146,.T.);
#723=EDGE_CURVE('',#923,#913,#1147,.T.);
#724=EDGE_CURVE('',#920,#915,#1148,.T.);
#725=EDGE_CURVE('',#928,#929,#1149,.T.);
#726=EDGE_CURVE('',#929,#930,#1150,.T.);
#727=EDGE_CURVE('',#931,#930,#1151,.T.);
#728=EDGE_CURVE('',#928,#931,#1152,.T.);
#729=EDGE_CURVE('',#932,#932,#22,.T.);
#730=EDGE_CURVE('',#933,#933,#23,.F.);
#731=EDGE_CURVE('',#929,#803,#1153,.T.);
#732=EDGE_CURVE('',#930,#802,#1154,.T.);
#733=EDGE_CURVE('',#931,#805,#1155,.T.);
#734=EDGE_CURVE('',#928,#804,#1156,.T.);
#735=EDGE_CURVE('',#934,#934,#24,.T.);
#736=EDGE_CURVE('',#935,#935,#25,.T.);
#737=EDGE_CURVE('',#936,#937,#1157,.T.);
#738=EDGE_CURVE('',#936,#841,#1158,.T.);
#739=EDGE_CURVE('',#937,#840,#1159,.T.);
#740=EDGE_CURVE('',#938,#939,#1160,.T.);
#741=EDGE_CURVE('',#939,#940,#26,.T.);
#742=EDGE_CURVE('',#940,#941,#1161,.T.);
#743=EDGE_CURVE('',#941,#942,#27,.T.);
#744=EDGE_CURVE('',#943,#942,#1162,.T.);
#745=EDGE_CURVE('',#943,#944,#28,.T.);
#746=EDGE_CURVE('',#945,#944,#1163,.T.);
#747=EDGE_CURVE('',#945,#938,#29,.T.);
#748=EDGE_CURVE('',#946,#839,#1164,.T.);
#749=EDGE_CURVE('',#946,#937,#1165,.T.);
#750=EDGE_CURVE('',#947,#838,#1166,.T.);
#751=EDGE_CURVE('',#947,#946,#1167,.T.);
#752=EDGE_CURVE('',#830,#948,#1168,.T.);
#753=EDGE_CURVE('',#947,#936,#1169,.T.);
#754=EDGE_CURVE('',#837,#949,#1170,.T.);
#755=EDGE_CURVE('',#948,#949,#1171,.T.);
#756=EDGE_CURVE('',#900,#939,#1172,.F.);
#757=EDGE_CURVE('',#938,#901,#1173,.T.);
#758=EDGE_CURVE('',#902,#945,#1174,.F.);
#759=EDGE_CURVE('',#944,#903,#1175,.T.);
#760=EDGE_CURVE('',#940,#899,#1176,.T.);
#761=EDGE_CURVE('',#898,#941,#1177,.F.);
#762=EDGE_CURVE('',#897,#943,#1178,.F.);
#763=EDGE_CURVE('',#942,#896,#1179,.T.);
#764=EDGE_CURVE('',#949,#843,#1180,.T.);
#765=EDGE_CURVE('',#948,#842,#1181,.T.);
#766=EDGE_CURVE('',#950,#951,#1182,.T.);
#767=EDGE_CURVE('',#950,#952,#1183,.T.);
#768=EDGE_CURVE('',#952,#953,#1184,.T.);
#769=EDGE_CURVE('',#951,#953,#1185,.T.);
#770=EDGE_CURVE('',#954,#955,#1186,.T.);
#771=EDGE_CURVE('',#954,#956,#1187,.T.);
#772=EDGE_CURVE('',#956,#957,#1188,.T.);
#773=EDGE_CURVE('',#955,#957,#1189,.T.);
#774=EDGE_CURVE('',#958,#959,#1190,.T.);
#775=EDGE_CURVE('',#959,#960,#1191,.T.);
#776=EDGE_CURVE('',#961,#960,#1192,.T.);
#777=EDGE_CURVE('',#958,#961,#1193,.T.);
#778=EDGE_CURVE('',#962,#963,#1194,.T.);
#779=EDGE_CURVE('',#963,#964,#1195,.T.);
#780=EDGE_CURVE('',#965,#964,#1196,.T.);
#781=EDGE_CURVE('',#962,#965,#1197,.T.);
#782=EDGE_CURVE('',#959,#799,#1198,.T.);
#783=EDGE_CURVE('',#960,#798,#1199,.T.);
#784=EDGE_CURVE('',#961,#801,#1200,.T.);
#785=EDGE_CURVE('',#958,#800,#1201,.T.);
#786=EDGE_CURVE('',#966,#967,#1202,.T.);
#787=EDGE_CURVE('',#950,#966,#1203,.T.);
#788=EDGE_CURVE('',#951,#967,#1204,.T.);
#789=EDGE_CURVE('',#966,#968,#1205,.T.);
#790=EDGE_CURVE('',#952,#968,#1206,.T.);
#791=EDGE_CURVE('',#968,#969,#1207,.T.);
#792=EDGE_CURVE('',#953,#969,#1208,.T.);
#793=EDGE_CURVE('',#967,#969,#1209,.T.);
#794=EDGE_CURVE('',#963,#956,#1210,.T.);
#795=EDGE_CURVE('',#964,#954,#1211,.T.);
#796=EDGE_CURVE('',#965,#955,#1212,.T.);
#797=EDGE_CURVE('',#962,#957,#1213,.T.);
#798=VERTEX_POINT('',#2506);
#799=VERTEX_POINT('',#2507);
#800=VERTEX_POINT('',#2509);
#801=VERTEX_POINT('',#2511);
#802=VERTEX_POINT('',#2514);
#803=VERTEX_POINT('',#2515);
#804=VERTEX_POINT('',#2517);
#805=VERTEX_POINT('',#2519);
#806=VERTEX_POINT('',#2522);
#807=VERTEX_POINT('',#2523);
#808=VERTEX_POINT('',#2525);
#809=VERTEX_POINT('',#2527);
#810=VERTEX_POINT('',#2530);
#811=VERTEX_POINT('',#2531);
#812=VERTEX_POINT('',#2533);
#813=VERTEX_POINT('',#2535);
#814=VERTEX_POINT('',#2538);
#815=VERTEX_POINT('',#2539);
#816=VERTEX_POINT('',#2541);
#817=VERTEX_POINT('',#2543);
#818=VERTEX_POINT('',#2546);
#819=VERTEX_POINT('',#2547);
#820=VERTEX_POINT('',#2549);
#821=VERTEX_POINT('',#2551);
#822=VERTEX_POINT('',#2554);
#823=VERTEX_POINT('',#2555);
#824=VERTEX_POINT('',#2557);
#825=VERTEX_POINT('',#2559);
#826=VERTEX_POINT('',#2562);
#827=VERTEX_POINT('',#2563);
#828=VERTEX_POINT('',#2565);
#829=VERTEX_POINT('',#2567);
#830=VERTEX_POINT('',#2570);
#831=VERTEX_POINT('',#2571);
#832=VERTEX_POINT('',#2573);
#833=VERTEX_POINT('',#2575);
#834=VERTEX_POINT('',#2577);
#835=VERTEX_POINT('',#2579);
#836=VERTEX_POINT('',#2581);
#837=VERTEX_POINT('',#2583);
#838=VERTEX_POINT('',#2585);
#839=VERTEX_POINT('',#2587);
#840=VERTEX_POINT('',#2589);
#841=VERTEX_POINT('',#2591);
#842=VERTEX_POINT('',#2595);
#843=VERTEX_POINT('',#2597);
#844=VERTEX_POINT('',#2600);
#845=VERTEX_POINT('',#2602);
#846=VERTEX_POINT('',#2606);
#847=VERTEX_POINT('',#2607);
#848=VERTEX_POINT('',#2612);
#849=VERTEX_POINT('',#2616);
#850=VERTEX_POINT('',#2623);
#851=VERTEX_POINT('',#2624);
#852=VERTEX_POINT('',#2629);
#853=VERTEX_POINT('',#2633);
#854=VERTEX_POINT('',#2634);
#855=VERTEX_POINT('',#2639);
#856=VERTEX_POINT('',#2643);
#857=VERTEX_POINT('',#2650);
#858=VERTEX_POINT('',#2651);
#859=VERTEX_POINT('',#2656);
#860=VERTEX_POINT('',#2660);
#861=VERTEX_POINT('',#2666);
#862=VERTEX_POINT('',#2671);
#863=VERTEX_POINT('',#2672);
#864=VERTEX_POINT('',#2674);
#865=VERTEX_POINT('',#2676);
#866=VERTEX_POINT('',#2679);
#867=VERTEX_POINT('',#2680);
#868=VERTEX_POINT('',#2682);
#869=VERTEX_POINT('',#2684);
#870=VERTEX_POINT('',#2688);
#871=VERTEX_POINT('',#2689);
#872=VERTEX_POINT('',#2693);
#873=VERTEX_POINT('',#2694);
#874=VERTEX_POINT('',#2696);
#875=VERTEX_POINT('',#2698);
#876=VERTEX_POINT('',#2707);
#877=VERTEX_POINT('',#2708);
#878=VERTEX_POINT('',#2713);
#879=VERTEX_POINT('',#2717);
#880=VERTEX_POINT('',#2731);
#881=VERTEX_POINT('',#2732);
#882=VERTEX_POINT('',#2734);
#883=VERTEX_POINT('',#2736);
#884=VERTEX_POINT('',#2739);
#885=VERTEX_POINT('',#2740);
#886=VERTEX_POINT('',#2742);
#887=VERTEX_POINT('',#2744);
#888=VERTEX_POINT('',#2748);
#889=VERTEX_POINT('',#2749);
#890=VERTEX_POINT('',#2751);
#891=VERTEX_POINT('',#2753);
#892=VERTEX_POINT('',#2756);
#893=VERTEX_POINT('',#2757);
#894=VERTEX_POINT('',#2759);
#895=VERTEX_POINT('',#2761);
#896=VERTEX_POINT('',#2766);
#897=VERTEX_POINT('',#2767);
#898=VERTEX_POINT('',#2769);
#899=VERTEX_POINT('',#2771);
#900=VERTEX_POINT('',#2773);
#901=VERTEX_POINT('',#2775);
#902=VERTEX_POINT('',#2777);
#903=VERTEX_POINT('',#2779);
#904=VERTEX_POINT('',#2791);
#905=VERTEX_POINT('',#2792);
#906=VERTEX_POINT('',#2797);
#907=VERTEX_POINT('',#2801);
#908=VERTEX_POINT('',#2815);
#909=VERTEX_POINT('',#2816);
#910=VERTEX_POINT('',#2818);
#911=VERTEX_POINT('',#2820);
#912=VERTEX_POINT('',#2823);
#913=VERTEX_POINT('',#2824);
#914=VERTEX_POINT('',#2826);
#915=VERTEX_POINT('',#2828);
#916=VERTEX_POINT('',#2832);
#917=VERTEX_POINT('',#2833);
#918=VERTEX_POINT('',#2835);
#919=VERTEX_POINT('',#2837);
#920=VERTEX_POINT('',#2840);
#921=VERTEX_POINT('',#2841);
#922=VERTEX_POINT('',#2843);
#923=VERTEX_POINT('',#2845);
#924=VERTEX_POINT('',#2857);
#925=VERTEX_POINT('',#2858);
#926=VERTEX_POINT('',#2863);
#927=VERTEX_POINT('',#2867);
#928=VERTEX_POINT('',#2881);
#929=VERTEX_POINT('',#2882);
#930=VERTEX_POINT('',#2884);
#931=VERTEX_POINT('',#2886);
#932=VERTEX_POINT('',#2889);
#933=VERTEX_POINT('',#2891);
#934=VERTEX_POINT('',#2902);
#935=VERTEX_POINT('',#2905);
#936=VERTEX_POINT('',#2908);
#937=VERTEX_POINT('',#2909);
#938=VERTEX_POINT('',#2914);
#939=VERTEX_POINT('',#2915);
#940=VERTEX_POINT('',#2917);
#941=VERTEX_POINT('',#2919);
#942=VERTEX_POINT('',#2921);
#943=VERTEX_POINT('',#2923);
#944=VERTEX_POINT('',#2925);
#945=VERTEX_POINT('',#2927);
#946=VERTEX_POINT('',#2930);
#947=VERTEX_POINT('',#2934);
#948=VERTEX_POINT('',#2938);
#949=VERTEX_POINT('',#2941);
#950=VERTEX_POINT('',#2967);
#951=VERTEX_POINT('',#2968);
#952=VERTEX_POINT('',#2970);
#953=VERTEX_POINT('',#2972);
#954=VERTEX_POINT('',#2975);
#955=VERTEX_POINT('',#2976);
#956=VERTEX_POINT('',#2978);
#957=VERTEX_POINT('',#2980);
#958=VERTEX_POINT('',#2984);
#959=VERTEX_POINT('',#2985);
#960=VERTEX_POINT('',#2987);
#961=VERTEX_POINT('',#2989);
#962=VERTEX_POINT('',#2992);
#963=VERTEX_POINT('',#2993);
#964=VERTEX_POINT('',#2995);
#965=VERTEX_POINT('',#2997);
#966=VERTEX_POINT('',#3009);
#967=VERTEX_POINT('',#3010);
#968=VERTEX_POINT('',#3015);
#969=VERTEX_POINT('',#3019);
#970=LINE('',#2505,#1214);
#971=LINE('',#2508,#1215);
#972=LINE('',#2510,#1216);
#973=LINE('',#2512,#1217);
#974=LINE('',#2513,#1218);
#975=LINE('',#2516,#1219);
#976=LINE('',#2518,#1220);
#977=LINE('',#2520,#1221);
#978=LINE('',#2521,#1222);
#979=LINE('',#2524,#1223);
#980=LINE('',#2526,#1224);
#981=LINE('',#2528,#1225);
#982=LINE('',#2529,#1226);
#983=LINE('',#2532,#1227);
#984=LINE('',#2534,#1228);
#985=LINE('',#2536,#1229);
#986=LINE('',#2537,#1230);
#987=LINE('',#2540,#1231);
#988=LINE('',#2542,#1232);
#989=LINE('',#2544,#1233);
#990=LINE('',#2545,#1234);
#991=LINE('',#2548,#1235);
#992=LINE('',#2550,#1236);
#993=LINE('',#2552,#1237);
#994=LINE('',#2553,#1238);
#995=LINE('',#2556,#1239);
#996=LINE('',#2558,#1240);
#997=LINE('',#2560,#1241);
#998=LINE('',#2561,#1242);
#999=LINE('',#2564,#1243);
#1000=LINE('',#2566,#1244);
#1001=LINE('',#2568,#1245);
#1002=LINE('',#2569,#1246);
#1003=LINE('',#2572,#1247);
#1004=LINE('',#2574,#1248);
#1005=LINE('',#2576,#1249);
#1006=LINE('',#2578,#1250);
#1007=LINE('',#2580,#1251);
#1008=LINE('',#2582,#1252);
#1009=LINE('',#2584,#1253);
#1010=LINE('',#2586,#1254);
#1011=LINE('',#2588,#1255);
#1012=LINE('',#2590,#1256);
#1013=LINE('',#2592,#1257);
#1014=LINE('',#2594,#1258);
#1015=LINE('',#2596,#1259);
#1016=LINE('',#2598,#1260);
#1017=LINE('',#2599,#1261);
#1018=LINE('',#2601,#1262);
#1019=LINE('',#2603,#1263);
#1020=LINE('',#2605,#1264);
#1021=LINE('',#2608,#1265);
#1022=LINE('',#2609,#1266);
#1023=LINE('',#2611,#1267);
#1024=LINE('',#2613,#1268);
#1025=LINE('',#2615,#1269);
#1026=LINE('',#2617,#1270);
#1027=LINE('',#2619,#1271);
#1028=LINE('',#2622,#1272);
#1029=LINE('',#2625,#1273);
#1030=LINE('',#2626,#1274);
#1031=LINE('',#2628,#1275);
#1032=LINE('',#2630,#1276);
#1033=LINE('',#2632,#1277);
#1034=LINE('',#2635,#1278);
#1035=LINE('',#2636,#1279);
#1036=LINE('',#2638,#1280);
#1037=LINE('',#2640,#1281);
#1038=LINE('',#2642,#1282);
#1039=LINE('',#2644,#1283);
#1040=LINE('',#2646,#1284);
#1041=LINE('',#2649,#1285);
#1042=LINE('',#2652,#1286);
#1043=LINE('',#2653,#1287);
#1044=LINE('',#2655,#1288);
#1045=LINE('',#2657,#1289);
#1046=LINE('',#2659,#1290);
#1047=LINE('',#2661,#1291);
#1048=LINE('',#2663,#1292);
#1049=LINE('',#2665,#1293);
#1050=LINE('',#2667,#1294);
#1051=LINE('',#2670,#1295);
#1052=LINE('',#2673,#1296);
#1053=LINE('',#2675,#1297);
#1054=LINE('',#2677,#1298);
#1055=LINE('',#2678,#1299);
#1056=LINE('',#2681,#1300);
#1057=LINE('',#2683,#1301);
#1058=LINE('',#2685,#1302);
#1059=LINE('',#2687,#1303);
#1060=LINE('',#2690,#1304);
#1061=LINE('',#2691,#1305);
#1062=LINE('',#2692,#1306);
#1063=LINE('',#2695,#1307);
#1064=LINE('',#2697,#1308);
#1065=LINE('',#2699,#1309);
#1066=LINE('',#2701,#1310);
#1067=LINE('',#2703,#1311);
#1068=LINE('',#2706,#1312);
#1069=LINE('',#2709,#1313);
#1070=LINE('',#2710,#1314);
#1071=LINE('',#2712,#1315);
#1072=LINE('',#2714,#1316);
#1073=LINE('',#2716,#1317);
#1074=LINE('',#2718,#1318);
#1075=LINE('',#2720,#1319);
#1076=LINE('',#2722,#1320);
#1077=LINE('',#2723,#1321);
#1078=LINE('',#2725,#1322);
#1079=LINE('',#2727,#1323);
#1080=LINE('',#2730,#1324);
#1081=LINE('',#2733,#1325);
#1082=LINE('',#2735,#1326);
#1083=LINE('',#2737,#1327);
#1084=LINE('',#2738,#1328);
#1085=LINE('',#2741,#1329);
#1086=LINE('',#2743,#1330);
#1087=LINE('',#2745,#1331);
#1088=LINE('',#2747,#1332);
#1089=LINE('',#2750,#1333);
#1090=LINE('',#2752,#1334);
#1091=LINE('',#2754,#1335);
#1092=LINE('',#2755,#1336);
#1093=LINE('',#2758,#1337);
#1094=LINE('',#2760,#1338);
#1095=LINE('',#2762,#1339);
#1096=LINE('',#2764,#1340);
#1097=LINE('',#2765,#1341);
#1098=LINE('',#2770,#1342);
#1099=LINE('',#2774,#1343);
#1100=LINE('',#2778,#1344);
#1101=LINE('',#2782,#1345);
#1102=LINE('',#2783,#1346);
#1103=LINE('',#2785,#1347);
#1104=LINE('',#2787,#1348);
#1105=LINE('',#2790,#1349);
#1106=LINE('',#2793,#1350);
#1107=LINE('',#2794,#1351);
#1108=LINE('',#2796,#1352);
#1109=LINE('',#2798,#1353);
#1110=LINE('',#2800,#1354);
#1111=LINE('',#2802,#1355);
#1112=LINE('',#2804,#1356);
#1113=LINE('',#2806,#1357);
#1114=LINE('',#2807,#1358);
#1115=LINE('',#2809,#1359);
#1116=LINE('',#2811,#1360);
#1117=LINE('',#2814,#1361);
#1118=LINE('',#2817,#1362);
#1119=LINE('',#2819,#1363);
#1120=LINE('',#2821,#1364);
#1121=LINE('',#2822,#1365);
#1122=LINE('',#2825,#1366);
#1123=LINE('',#2827,#1367);
#1124=LINE('',#2829,#1368);
#1125=LINE('',#2831,#1369);
#1126=LINE('',#2834,#1370);
#1127=LINE('',#2836,#1371);
#1128=LINE('',#2838,#1372);
#1129=LINE('',#2839,#1373);
#1130=LINE('',#2842,#1374);
#1131=LINE('',#2844,#1375);
#1132=LINE('',#2846,#1376);
#1133=LINE('',#2848,#1377);
#1134=LINE('',#2849,#1378);
#1135=LINE('',#2851,#1379);
#1136=LINE('',#2853,#1380);
#1137=LINE('',#2856,#1381);
#1138=LINE('',#2859,#1382);
#1139=LINE('',#2860,#1383);
#1140=LINE('',#2862,#1384);
#1141=LINE('',#2864,#1385);
#1142=LINE('',#2866,#1386);
#1143=LINE('',#2868,#1387);
#1144=LINE('',#2870,#1388);
#1145=LINE('',#2872,#1389);
#1146=LINE('',#2873,#1390);
#1147=LINE('',#2875,#1391);
#1148=LINE('',#2877,#1392);
#1149=LINE('',#2880,#1393);
#1150=LINE('',#2883,#1394);
#1151=LINE('',#2885,#1395);
#1152=LINE('',#2887,#1396);
#1153=LINE('',#2893,#1397);
#1154=LINE('',#2894,#1398);
#1155=LINE('',#2896,#1399);
#1156=LINE('',#2898,#1400);
#1157=LINE('',#2907,#1401);
#1158=LINE('',#2910,#1402);
#1159=LINE('',#2911,#1403);
#1160=LINE('',#2913,#1404);
#1161=LINE('',#2918,#1405);
#1162=LINE('',#2922,#1406);
#1163=LINE('',#2926,#1407);
#1164=LINE('',#2929,#1408);
#1165=LINE('',#2931,#1409);
#1166=LINE('',#2933,#1410);
#1167=LINE('',#2935,#1411);
#1168=LINE('',#2937,#1412);
#1169=LINE('',#2939,#1413);
#1170=LINE('',#2940,#1414);
#1171=LINE('',#2942,#1415);
#1172=LINE('',#2945,#1416);
#1173=LINE('',#2946,#1417);
#1174=LINE('',#2948,#1418);
#1175=LINE('',#2949,#1419);
#1176=LINE('',#2951,#1420);
#1177=LINE('',#2952,#1421);
#1178=LINE('',#2954,#1422);
#1179=LINE('',#2955,#1423);
#1180=LINE('',#2961,#1424);
#1181=LINE('',#2963,#1425);
#1182=LINE('',#2966,#1426);
#1183=LINE('',#2969,#1427);
#1184=LINE('',#2971,#1428);
#1185=LINE('',#2973,#1429);
#1186=LINE('',#2974,#1430);
#1187=LINE('',#2977,#1431);
#1188=LINE('',#2979,#1432);
#1189=LINE('',#2981,#1433);
#1190=LINE('',#2983,#1434);
#1191=LINE('',#2986,#1435);
#1192=LINE('',#2988,#1436);
#1193=LINE('',#2990,#1437);
#1194=LINE('',#2991,#1438);
#1195=LINE('',#2994,#1439);
#1196=LINE('',#2996,#1440);
#1197=LINE('',#2998,#1441);
#1198=LINE('',#3000,#1442);
#1199=LINE('',#3001,#1443);
#1200=LINE('',#3003,#1444);
#1201=LINE('',#3005,#1445);
#1202=LINE('',#3008,#1446);
#1203=LINE('',#3011,#1447);
#1204=LINE('',#3012,#1448);
#1205=LINE('',#3014,#1449);
#1206=LINE('',#3016,#1450);
#1207=LINE('',#3018,#1451);
#1208=LINE('',#3020,#1452);
#1209=LINE('',#3022,#1453);
#1210=LINE('',#3024,#1454);
#1211=LINE('',#3025,#1455);
#1212=LINE('',#3027,#1456);
#1213=LINE('',#3029,#1457);
#1214=VECTOR('',#2037,1.);
#1215=VECTOR('',#2038,1.);
#1216=VECTOR('',#2039,1.);
#1217=VECTOR('',#2040,1.);
#1218=VECTOR('',#2041,1.);
#1219=VECTOR('',#2042,1.);
#1220=VECTOR('',#2043,1.);
#1221=VECTOR('',#2044,1.);
#1222=VECTOR('',#2045,1.);
#1223=VECTOR('',#2046,1.);
#1224=VECTOR('',#2047,1.);
#1225=VECTOR('',#2048,1.);
#1226=VECTOR('',#2049,1.);
#1227=VECTOR('',#2050,1.);
#1228=VECTOR('',#2051,1.);
#1229=VECTOR('',#2052,1.);
#1230=VECTOR('',#2053,1.);
#1231=VECTOR('',#2054,1.);
#1232=VECTOR('',#2055,1.);
#1233=VECTOR('',#2056,1.);
#1234=VECTOR('',#2057,1.);
#1235=VECTOR('',#2058,1.);
#1236=VECTOR('',#2059,1.);
#1237=VECTOR('',#2060,1.);
#1238=VECTOR('',#2061,1.);
#1239=VECTOR('',#2062,1.);
#1240=VECTOR('',#2063,1.);
#1241=VECTOR('',#2064,1.);
#1242=VECTOR('',#2065,1.);
#1243=VECTOR('',#2066,1.);
#1244=VECTOR('',#2067,1.);
#1245=VECTOR('',#2068,1.);
#1246=VECTOR('',#2069,1.);
#1247=VECTOR('',#2070,1.);
#1248=VECTOR('',#2071,1.);
#1249=VECTOR('',#2072,1.);
#1250=VECTOR('',#2073,1.);
#1251=VECTOR('',#2074,1.);
#1252=VECTOR('',#2075,1.);
#1253=VECTOR('',#2076,1.);
#1254=VECTOR('',#2077,1.);
#1255=VECTOR('',#2078,1.);
#1256=VECTOR('',#2079,1.);
#1257=VECTOR('',#2080,1.);
#1258=VECTOR('',#2083,1.);
#1259=VECTOR('',#2084,1.);
#1260=VECTOR('',#2085,1.);
#1261=VECTOR('',#2086,1.);
#1262=VECTOR('',#2087,1.);
#1263=VECTOR('',#2088,1.);
#1264=VECTOR('',#2091,1.);
#1265=VECTOR('',#2092,1.);
#1266=VECTOR('',#2093,1.);
#1267=VECTOR('',#2096,1.);
#1268=VECTOR('',#2097,1.);
#1269=VECTOR('',#2100,1.);
#1270=VECTOR('',#2101,1.);
#1271=VECTOR('',#2104,1.);
#1272=VECTOR('',#2109,1.);
#1273=VECTOR('',#2110,1.);
#1274=VECTOR('',#2111,1.);
#1275=VECTOR('',#2114,1.);
#1276=VECTOR('',#2115,1.);
#1277=VECTOR('',#2118,1.);
#1278=VECTOR('',#2119,1.);
#1279=VECTOR('',#2120,1.);
#1280=VECTOR('',#2123,1.);
#1281=VECTOR('',#2124,1.);
#1282=VECTOR('',#2127,1.);
#1283=VECTOR('',#2128,1.);
#1284=VECTOR('',#2131,1.);
#1285=VECTOR('',#2136,1.);
#1286=VECTOR('',#2137,1.);
#1287=VECTOR('',#2138,1.);
#1288=VECTOR('',#2141,1.);
#1289=VECTOR('',#2142,1.);
#1290=VECTOR('',#2145,1.);
#1291=VECTOR('',#2146,1.);
#1292=VECTOR('',#2149,1.);
#1293=VECTOR('',#2152,1.);
#1294=VECTOR('',#2153,1.);
#1295=VECTOR('',#2158,1.);
#1296=VECTOR('',#2159,1.);
#1297=VECTOR('',#2160,1.);
#1298=VECTOR('',#2161,1.);
#1299=VECTOR('',#2162,1.);
#1300=VECTOR('',#2163,1.);
#1301=VECTOR('',#2164,1.);
#1302=VECTOR('',#2165,1.);
#1303=VECTOR('',#2168,1.);
#1304=VECTOR('',#2169,1.);
#1305=VECTOR('',#2170,1.);
#1306=VECTOR('',#2171,1.);
#1307=VECTOR('',#2172,1.);
#1308=VECTOR('',#2173,1.);
#1309=VECTOR('',#2174,1.);
#1310=VECTOR('',#2177,1.);
#1311=VECTOR('',#2180,1.);
#1312=VECTOR('',#2185,1.);
#1313=VECTOR('',#2186,1.);
#1314=VECTOR('',#2187,1.);
#1315=VECTOR('',#2190,1.);
#1316=VECTOR('',#2191,1.);
#1317=VECTOR('',#2194,1.);
#1318=VECTOR('',#2195,1.);
#1319=VECTOR('',#2198,1.);
#1320=VECTOR('',#2201,1.);
#1321=VECTOR('',#2202,1.);
#1322=VECTOR('',#2205,1.);
#1323=VECTOR('',#2208,1.);
#1324=VECTOR('',#2213,1.);
#1325=VECTOR('',#2214,1.);
#1326=VECTOR('',#2215,1.);
#1327=VECTOR('',#2216,1.);
#1328=VECTOR('',#2217,1.);
#1329=VECTOR('',#2218,1.);
#1330=VECTOR('',#2219,1.);
#1331=VECTOR('',#2220,1.);
#1332=VECTOR('',#2223,1.);
#1333=VECTOR('',#2224,1.);
#1334=VECTOR('',#2225,1.);
#1335=VECTOR('',#2226,1.);
#1336=VECTOR('',#2227,1.);
#1337=VECTOR('',#2228,1.);
#1338=VECTOR('',#2229,1.);
#1339=VECTOR('',#2230,1.);
#1340=VECTOR('',#2233,1.);
#1341=VECTOR('',#2234,1.);
#1342=VECTOR('',#2237,1.);
#1343=VECTOR('',#2240,1.);
#1344=VECTOR('',#2243,1.);
#1345=VECTOR('',#2248,1.);
#1346=VECTOR('',#2249,1.);
#1347=VECTOR('',#2252,1.);
#1348=VECTOR('',#2255,1.);
#1349=VECTOR('',#2260,1.);
#1350=VECTOR('',#2261,1.);
#1351=VECTOR('',#2262,1.);
#1352=VECTOR('',#2265,1.);
#1353=VECTOR('',#2266,1.);
#1354=VECTOR('',#2269,1.);
#1355=VECTOR('',#2270,1.);
#1356=VECTOR('',#2273,1.);
#1357=VECTOR('',#2276,1.);
#1358=VECTOR('',#2277,1.);
#1359=VECTOR('',#2280,1.);
#1360=VECTOR('',#2283,1.);
#1361=VECTOR('',#2288,1.);
#1362=VECTOR('',#2289,1.);
#1363=VECTOR('',#2290,1.);
#1364=VECTOR('',#2291,1.);
#1365=VECTOR('',#2292,1.);
#1366=VECTOR('',#2293,1.);
#1367=VECTOR('',#2294,1.);
#1368=VECTOR('',#2295,1.);
#1369=VECTOR('',#2298,1.);
#1370=VECTOR('',#2299,1.);
#1371=VECTOR('',#2300,1.);
#1372=VECTOR('',#2301,1.);
#1373=VECTOR('',#2302,1.);
#1374=VECTOR('',#2303,1.);
#1375=VECTOR('',#2304,1.);
#1376=VECTOR('',#2305,1.);
#1377=VECTOR('',#2308,1.);
#1378=VECTOR('',#2309,1.);
#1379=VECTOR('',#2312,1.);
#1380=VECTOR('',#2315,1.);
#1381=VECTOR('',#2320,1.);
#1382=VECTOR('',#2321,1.);
#1383=VECTOR('',#2322,1.);
#1384=VECTOR('',#2325,1.);
#1385=VECTOR('',#2326,1.);
#1386=VECTOR('',#2329,1.);
#1387=VECTOR('',#2330,1.);
#1388=VECTOR('',#2333,1.);
#1389=VECTOR('',#2336,1.);
#1390=VECTOR('',#2337,1.);
#1391=VECTOR('',#2340,1.);
#1392=VECTOR('',#2343,1.);
#1393=VECTOR('',#2348,1.);
#1394=VECTOR('',#2349,1.);
#1395=VECTOR('',#2350,1.);
#1396=VECTOR('',#2351,1.);
#1397=VECTOR('',#2358,1.);
#1398=VECTOR('',#2359,1.);
#1399=VECTOR('',#2362,1.);
#1400=VECTOR('',#2365,1.);
#1401=VECTOR('',#2378,1.);
#1402=VECTOR('',#2379,1.);
#1403=VECTOR('',#2380,1.);
#1404=VECTOR('',#2383,1.);
#1405=VECTOR('',#2386,1.);
#1406=VECTOR('',#2389,1.);
#1407=VECTOR('',#2392,1.);
#1408=VECTOR('',#2395,1.);
#1409=VECTOR('',#2396,1.);
#1410=VECTOR('',#2399,1.);
#1411=VECTOR('',#2400,1.);
#1412=VECTOR('',#2403,1.);
#1413=VECTOR('',#2404,1.);
#1414=VECTOR('',#2405,1.);
#1415=VECTOR('',#2406,1.);
#1416=VECTOR('',#2411,1.);
#1417=VECTOR('',#2412,1.);
#1418=VECTOR('',#2415,1.);
#1419=VECTOR('',#2416,1.);
#1420=VECTOR('',#2419,1.);
#1421=VECTOR('',#2420,1.);
#1422=VECTOR('',#2423,1.);
#1423=VECTOR('',#2424,1.);
#1424=VECTOR('',#2435,1.);
#1425=VECTOR('',#2438,1.);
#1426=VECTOR('',#2443,1.);
#1427=VECTOR('',#2444,1.);
#1428=VECTOR('',#2445,1.);
#1429=VECTOR('',#2446,1.);
#1430=VECTOR('',#2447,1.);
#1431=VECTOR('',#2448,1.);
#1432=VECTOR('',#2449,1.);
#1433=VECTOR('',#2450,1.);
#1434=VECTOR('',#2453,1.);
#1435=VECTOR('',#2454,1.);
#1436=VECTOR('',#2455,1.);
#1437=VECTOR('',#2456,1.);
#1438=VECTOR('',#2457,1.);
#1439=VECTOR('',#2458,1.);
#1440=VECTOR('',#2459,1.);
#1441=VECTOR('',#2460,1.);
#1442=VECTOR('',#2463,1.);
#1443=VECTOR('',#2464,1.);
#1444=VECTOR('',#2467,1.);
#1445=VECTOR('',#2470,1.);
#1446=VECTOR('',#2475,1.);
#1447=VECTOR('',#2476,1.);
#1448=VECTOR('',#2477,1.);
#1449=VECTOR('',#2480,1.);
#1450=VECTOR('',#2481,1.);
#1451=VECTOR('',#2484,1.);
#1452=VECTOR('',#2485,1.);
#1453=VECTOR('',#2488,1.);
#1454=VECTOR('',#2491,1.);
#1455=VECTOR('',#2492,1.);
#1456=VECTOR('',#2495,1.);
#1457=VECTOR('',#2498,1.);
#1458=EDGE_LOOP('',(#30,#31,#32,#33));
#1459=EDGE_LOOP('',(#34,#35,#36,#37));
#1460=EDGE_LOOP('',(#38,#39,#40,#41));
#1461=EDGE_LOOP('',(#42,#43,#44,#45));
#1462=EDGE_LOOP('',(#46,#47,#48,#49));
#1463=EDGE_LOOP('',(#50,#51,#52,#53));
#1464=EDGE_LOOP('',(#54,#55,#56,#57));
#1465=EDGE_LOOP('',(#58,#59,#60,#61));
#1466=EDGE_LOOP('',(#62,#63,#64,#65,#66,#67,#68,#69,#70,#71,#72,#73));
#1467=EDGE_LOOP('',(#74,#75,#76,#77,#78,#79,#80,#81));
#1468=EDGE_LOOP('',(#82,#83,#84,#85));
#1469=EDGE_LOOP('',(#86,#87,#88,#89));
#1470=EDGE_LOOP('',(#90,#91,#92,#93));
#1471=EDGE_LOOP('',(#94,#95,#96,#97));
#1472=EDGE_LOOP('',(#98,#99,#100,#101));
#1473=EDGE_LOOP('',(#102,#103,#104,#105));
#1474=EDGE_LOOP('',(#106,#107,#108,#109));
#1475=EDGE_LOOP('',(#110,#111,#112,#113));
#1476=EDGE_LOOP('',(#114,#115,#116,#117));
#1477=EDGE_LOOP('',(#118,#119,#120,#121));
#1478=EDGE_LOOP('',(#122,#123,#124,#125));
#1479=EDGE_LOOP('',(#126,#127,#128,#129));
#1480=EDGE_LOOP('',(#130,#131,#132,#133));
#1481=EDGE_LOOP('',(#134,#135,#136,#137));
#1482=EDGE_LOOP('',(#138,#139,#140,#141));
#1483=EDGE_LOOP('',(#142,#143,#144,#145));
#1484=EDGE_LOOP('',(#146,#147,#148,#149));
#1485=EDGE_LOOP('',(#150,#151,#152,#153));
#1486=EDGE_LOOP('',(#154,#155,#156,#157));
#1487=EDGE_LOOP('',(#158,#159,#160,#161));
#1488=EDGE_LOOP('',(#162,#163,#164,#165));
#1489=EDGE_LOOP('',(#166,#167,#168,#169));
#1490=EDGE_LOOP('',(#170,#171,#172,#173));
#1491=EDGE_LOOP('',(#174,#175,#176,#177));
#1492=EDGE_LOOP('',(#178,#179,#180,#181));
#1493=EDGE_LOOP('',(#182,#183,#184,#185));
#1494=EDGE_LOOP('',(#186,#187,#188,#189));
#1495=EDGE_LOOP('',(#190,#191,#192,#193));
#1496=EDGE_LOOP('',(#194,#195,#196,#197));
#1497=EDGE_LOOP('',(#198,#199,#200,#201));
#1498=EDGE_LOOP('',(#202,#203,#204,#205));
#1499=EDGE_LOOP('',(#206,#207,#208,#209));
#1500=EDGE_LOOP('',(#210,#211,#212,#213));
#1501=EDGE_LOOP('',(#214,#215,#216,#217));
#1502=EDGE_LOOP('',(#218,#219,#220,#221));
#1503=EDGE_LOOP('',(#222,#223,#224,#225));
#1504=EDGE_LOOP('',(#226,#227,#228,#229));
#1505=EDGE_LOOP('',(#230,#231,#232,#233));
#1506=EDGE_LOOP('',(#234,#235,#236,#237,#238,#239,#240,#241));
#1507=EDGE_LOOP('',(#242,#243,#244,#245));
#1508=EDGE_LOOP('',(#246,#247,#248,#249));
#1509=EDGE_LOOP('',(#250,#251,#252,#253));
#1510=EDGE_LOOP('',(#254,#255,#256,#257));
#1511=EDGE_LOOP('',(#258,#259,#260,#261));
#1512=EDGE_LOOP('',(#262,#263,#264,#265));
#1513=EDGE_LOOP('',(#266,#267,#268,#269));
#1514=EDGE_LOOP('',(#270,#271,#272,#273));
#1515=EDGE_LOOP('',(#274,#275,#276,#277));
#1516=EDGE_LOOP('',(#278,#279,#280,#281));
#1517=EDGE_LOOP('',(#282,#283,#284,#285));
#1518=EDGE_LOOP('',(#286,#287,#288,#289));
#1519=EDGE_LOOP('',(#290,#291,#292,#293));
#1520=EDGE_LOOP('',(#294,#295,#296,#297));
#1521=EDGE_LOOP('',(#298,#299,#300,#301));
#1522=EDGE_LOOP('',(#302,#303,#304,#305));
#1523=EDGE_LOOP('',(#306,#307,#308,#309));
#1524=EDGE_LOOP('',(#310,#311,#312,#313));
#1525=EDGE_LOOP('',(#314,#315,#316,#317));
#1526=EDGE_LOOP('',(#318,#319,#320,#321));
#1527=EDGE_LOOP('',(#322,#323,#324,#325));
#1528=EDGE_LOOP('',(#326,#327,#328,#329));
#1529=EDGE_LOOP('',(#330,#331,#332,#333));
#1530=EDGE_LOOP('',(#334,#335,#336,#337));
#1531=EDGE_LOOP('',(#338,#339,#340,#341));
#1532=EDGE_LOOP('',(#342,#343,#344,#345));
#1533=EDGE_LOOP('',(#346,#347,#348,#349));
#1534=EDGE_LOOP('',(#350,#351,#352,#353));
#1535=EDGE_LOOP('',(#354,#355,#356,#357));
#1536=EDGE_LOOP('',(#358));
#1537=EDGE_LOOP('',(#359));
#1538=EDGE_LOOP('',(#360,#361,#362,#363));
#1539=EDGE_LOOP('',(#364,#365,#366,#367));
#1540=EDGE_LOOP('',(#368,#369,#370,#371));
#1541=EDGE_LOOP('',(#372,#373,#374,#375));
#1542=EDGE_LOOP('',(#376));
#1543=EDGE_LOOP('',(#377));
#1544=EDGE_LOOP('',(#378));
#1545=EDGE_LOOP('',(#379));
#1546=EDGE_LOOP('',(#380,#381,#382,#383));
#1547=EDGE_LOOP('',(#384,#385,#386,#387,#388,#389,#390,#391));
#1548=EDGE_LOOP('',(#392,#393,#394,#395));
#1549=EDGE_LOOP('',(#396,#397,#398,#399));
#1550=EDGE_LOOP('',(#400,#401,#402,#403,#404,#405,#406,#407));
#1551=EDGE_LOOP('',(#408,#409,#410,#411));
#1552=EDGE_LOOP('',(#412,#413,#414,#415));
#1553=EDGE_LOOP('',(#416,#417,#418,#419));
#1554=EDGE_LOOP('',(#420,#421,#422,#423));
#1555=EDGE_LOOP('',(#424,#425,#426,#427));
#1556=EDGE_LOOP('',(#428,#429,#430,#431));
#1557=EDGE_LOOP('',(#432,#433,#434,#435));
#1558=EDGE_LOOP('',(#436,#437,#438,#439));
#1559=EDGE_LOOP('',(#440,#441,#442,#443));
#1560=EDGE_LOOP('',(#444,#445,#446,#447));
#1561=EDGE_LOOP('',(#448,#449,#450,#451));
#1562=EDGE_LOOP('',(#452,#453,#454,#455));
#1563=EDGE_LOOP('',(#456,#457,#458,#459));
#1564=EDGE_LOOP('',(#460,#461,#462,#463));
#1565=EDGE_LOOP('',(#464,#465,#466,#467));
#1566=EDGE_LOOP('',(#468,#469,#470,#471));
#1567=EDGE_LOOP('',(#472,#473,#474,#475));
#1568=EDGE_LOOP('',(#476,#477,#478,#479));
#1569=EDGE_LOOP('',(#480,#481,#482,#483));
#1570=EDGE_LOOP('',(#484,#485,#486,#487));
#1571=EDGE_LOOP('',(#488,#489,#490,#491));
#1572=EDGE_LOOP('',(#492,#493,#494,#495));
#1573=EDGE_LOOP('',(#496,#497,#498,#499));
#1574=EDGE_LOOP('',(#500,#501,#502,#503));
#1575=EDGE_LOOP('',(#504,#505,#506,#507));
#1576=EDGE_LOOP('',(#508,#509,#510,#511));
#1577=EDGE_LOOP('',(#512,#513,#514,#515));
#1578=EDGE_LOOP('',(#516,#517,#518,#519));
#1579=EDGE_LOOP('',(#520,#521,#522,#523));
#1580=EDGE_LOOP('',(#524,#525,#526,#527));
#1581=EDGE_LOOP('',(#528,#529,#530,#531));
#1582=EDGE_LOOP('',(#532,#533,#534,#535));
#1583=EDGE_LOOP('',(#536));
#1584=EDGE_LOOP('',(#537));
#1585=EDGE_LOOP('',(#538,#539,#540,#541));
#1586=FACE_BOUND('',#1458,.T.);
#1587=FACE_BOUND('',#1459,.T.);
#1588=FACE_BOUND('',#1460,.T.);
#1589=FACE_BOUND('',#1461,.T.);
#1590=FACE_BOUND('',#1462,.T.);
#1591=FACE_BOUND('',#1463,.T.);
#1592=FACE_BOUND('',#1464,.T.);
#1593=FACE_BOUND('',#1465,.T.);
#1594=FACE_BOUND('',#1466,.T.);
#1595=FACE_BOUND('',#1467,.T.);
#1596=FACE_BOUND('',#1468,.T.);
#1597=FACE_BOUND('',#1469,.T.);
#1598=FACE_BOUND('',#1470,.T.);
#1599=FACE_BOUND('',#1471,.T.);
#1600=FACE_BOUND('',#1472,.T.);
#1601=FACE_BOUND('',#1473,.T.);
#1602=FACE_BOUND('',#1474,.T.);
#1603=FACE_BOUND('',#1475,.T.);
#1604=FACE_BOUND('',#1476,.T.);
#1605=FACE_BOUND('',#1477,.T.);
#1606=FACE_BOUND('',#1478,.T.);
#1607=FACE_BOUND('',#1479,.T.);
#1608=FACE_BOUND('',#1480,.T.);
#1609=FACE_BOUND('',#1481,.T.);
#1610=FACE_BOUND('',#1482,.T.);
#1611=FACE_BOUND('',#1483,.T.);
#1612=FACE_BOUND('',#1484,.T.);
#1613=FACE_BOUND('',#1485,.T.);
#1614=FACE_BOUND('',#1486,.T.);
#1615=FACE_BOUND('',#1487,.T.);
#1616=FACE_BOUND('',#1488,.T.);
#1617=FACE_BOUND('',#1489,.T.);
#1618=FACE_BOUND('',#1490,.T.);
#1619=FACE_BOUND('',#1491,.T.);
#1620=FACE_BOUND('',#1492,.T.);
#1621=FACE_BOUND('',#1493,.T.);
#1622=FACE_BOUND('',#1494,.T.);
#1623=FACE_BOUND('',#1495,.T.);
#1624=FACE_BOUND('',#1496,.T.);
#1625=FACE_BOUND('',#1497,.T.);
#1626=FACE_BOUND('',#1498,.T.);
#1627=FACE_BOUND('',#1499,.T.);
#1628=FACE_BOUND('',#1500,.T.);
#1629=FACE_BOUND('',#1501,.T.);
#1630=FACE_BOUND('',#1502,.T.);
#1631=FACE_BOUND('',#1503,.T.);
#1632=FACE_BOUND('',#1504,.T.);
#1633=FACE_BOUND('',#1505,.T.);
#1634=FACE_BOUND('',#1506,.T.);
#1635=FACE_BOUND('',#1507,.T.);
#1636=FACE_BOUND('',#1508,.T.);
#1637=FACE_BOUND('',#1509,.T.);
#1638=FACE_BOUND('',#1510,.T.);
#1639=FACE_BOUND('',#1511,.T.);
#1640=FACE_BOUND('',#1512,.T.);
#1641=FACE_BOUND('',#1513,.T.);
#1642=FACE_BOUND('',#1514,.T.);
#1643=FACE_BOUND('',#1515,.T.);
#1644=FACE_BOUND('',#1516,.T.);
#1645=FACE_BOUND('',#1517,.T.);
#1646=FACE_BOUND('',#1518,.T.);
#1647=FACE_BOUND('',#1519,.T.);
#1648=FACE_BOUND('',#1520,.T.);
#1649=FACE_BOUND('',#1521,.T.);
#1650=FACE_BOUND('',#1522,.T.);
#1651=FACE_BOUND('',#1523,.T.);
#1652=FACE_BOUND('',#1524,.T.);
#1653=FACE_BOUND('',#1525,.T.);
#1654=FACE_BOUND('',#1526,.T.);
#1655=FACE_BOUND('',#1527,.T.);
#1656=FACE_BOUND('',#1528,.T.);
#1657=FACE_BOUND('',#1529,.T.);
#1658=FACE_BOUND('',#1530,.T.);
#1659=FACE_BOUND('',#1531,.T.);
#1660=FACE_BOUND('',#1532,.T.);
#1661=FACE_BOUND('',#1533,.T.);
#1662=FACE_BOUND('',#1534,.T.);
#1663=FACE_BOUND('',#1535,.T.);
#1664=FACE_BOUND('',#1536,.T.);
#1665=FACE_BOUND('',#1537,.T.);
#1666=FACE_BOUND('',#1538,.T.);
#1667=FACE_BOUND('',#1539,.T.);
#1668=FACE_BOUND('',#1540,.T.);
#1669=FACE_BOUND('',#1541,.T.);
#1670=FACE_BOUND('',#1542,.T.);
#1671=FACE_BOUND('',#1543,.T.);
#1672=FACE_BOUND('',#1544,.T.);
#1673=FACE_BOUND('',#1545,.T.);
#1674=FACE_BOUND('',#1546,.T.);
#1675=FACE_BOUND('',#1547,.T.);
#1676=FACE_BOUND('',#1548,.T.);
#1677=FACE_BOUND('',#1549,.T.);
#1678=FACE_BOUND('',#1550,.T.);
#1679=FACE_BOUND('',#1551,.T.);
#1680=FACE_BOUND('',#1552,.T.);
#1681=FACE_BOUND('',#1553,.T.);
#1682=FACE_BOUND('',#1554,.T.);
#1683=FACE_BOUND('',#1555,.T.);
#1684=FACE_BOUND('',#1556,.T.);
#1685=FACE_BOUND('',#1557,.T.);
#1686=FACE_BOUND('',#1558,.T.);
#1687=FACE_BOUND('',#1559,.T.);
#1688=FACE_BOUND('',#1560,.T.);
#1689=FACE_BOUND('',#1561,.T.);
#1690=FACE_BOUND('',#1562,.T.);
#1691=FACE_BOUND('',#1563,.T.);
#1692=FACE_BOUND('',#1564,.T.);
#1693=FACE_BOUND('',#1565,.T.);
#1694=FACE_BOUND('',#1566,.T.);
#1695=FACE_BOUND('',#1567,.T.);
#1696=FACE_BOUND('',#1568,.T.);
#1697=FACE_BOUND('',#1569,.T.);
#1698=FACE_BOUND('',#1570,.T.);
#1699=FACE_BOUND('',#1571,.T.);
#1700=FACE_BOUND('',#1572,.T.);
#1701=FACE_BOUND('',#1573,.T.);
#1702=FACE_BOUND('',#1574,.T.);
#1703=FACE_BOUND('',#1575,.T.);
#1704=FACE_BOUND('',#1576,.T.);
#1705=FACE_BOUND('',#1577,.T.);
#1706=FACE_BOUND('',#1578,.T.);
#1707=FACE_BOUND('',#1579,.T.);
#1708=FACE_BOUND('',#1580,.T.);
#1709=FACE_BOUND('',#1581,.T.);
#1710=FACE_BOUND('',#1582,.T.);
#1711=FACE_BOUND('',#1583,.T.);
#1712=FACE_BOUND('',#1584,.T.);
#1713=FACE_BOUND('',#1585,.T.);
#1714=PLANE('',#1921);
#1715=PLANE('',#1922);
#1716=PLANE('',#1923);
#1717=PLANE('',#1924);
#1718=PLANE('',#1925);
#1719=PLANE('',#1926);
#1720=PLANE('',#1927);
#1721=PLANE('',#1928);
#1722=PLANE('',#1929);
#1723=PLANE('',#1930);
#1724=PLANE('',#1931);
#1725=PLANE('',#1932);
#1726=PLANE('',#1933);
#1727=PLANE('',#1934);
#1728=PLANE('',#1935);
#1729=PLANE('',#1936);
#1730=PLANE('',#1937);
#1731=PLANE('',#1938);
#1732=PLANE('',#1939);
#1733=PLANE('',#1940);
#1734=PLANE('',#1941);
#1735=PLANE('',#1942);
#1736=PLANE('',#1943);
#1737=PLANE('',#1944);
#1738=PLANE('',#1945);
#1739=PLANE('',#1946);
#1740=PLANE('',#1947);
#1741=PLANE('',#1948);
#1742=PLANE('',#1949);
#1743=PLANE('',#1950);
#1744=PLANE('',#1951);
#1745=PLANE('',#1952);
#1746=PLANE('',#1953);
#1747=PLANE('',#1954);
#1748=PLANE('',#1955);
#1749=PLANE('',#1956);
#1750=PLANE('',#1961);
#1751=PLANE('',#1962);
#1752=PLANE('',#1963);
#1753=PLANE('',#1964);
#1754=PLANE('',#1965);
#1755=PLANE('',#1966);
#1756=PLANE('',#1967);
#1757=PLANE('',#1968);
#1758=PLANE('',#1969);
#1759=PLANE('',#1970);
#1760=PLANE('',#1971);
#1761=PLANE('',#1972);
#1762=PLANE('',#1973);
#1763=PLANE('',#1974);
#1764=PLANE('',#1975);
#1765=PLANE('',#1976);
#1766=PLANE('',#1977);
#1767=PLANE('',#1978);
#1768=PLANE('',#1979);
#1769=PLANE('',#1980);
#1770=PLANE('',#1981);
#1771=PLANE('',#1982);
#1772=PLANE('',#1983);
#1773=PLANE('',#1984);
#1774=PLANE('',#1985);
#1775=PLANE('',#1986);
#1776=PLANE('',#1987);
#1777=PLANE('',#1990);
#1778=PLANE('',#1991);
#1779=PLANE('',#1992);
#1780=PLANE('',#1993);
#1781=PLANE('',#1998);
#1782=PLANE('',#1999);
#1783=PLANE('',#2004);
#1784=PLANE('',#2005);
#1785=PLANE('',#2006);
#1786=PLANE('',#2007);
#1787=PLANE('',#2008);
#1788=PLANE('',#2009);
#1789=PLANE('',#2010);
#1790=PLANE('',#2015);
#1791=PLANE('',#2016);
#1792=PLANE('',#2017);
#1793=PLANE('',#2018);
#1794=PLANE('',#2019);
#1795=PLANE('',#2020);
#1796=PLANE('',#2021);
#1797=PLANE('',#2022);
#1798=PLANE('',#2023);
#1799=PLANE('',#2024);
#1800=PLANE('',#2025);
#1801=PLANE('',#2026);
#1802=PLANE('',#2027);
#1803=PLANE('',#2028);
#1804=PLANE('',#2029);
#1805=PLANE('',#2030);
#1806=PLANE('',#2031);
#1807=PLANE('',#2032);
#1808=ADVANCED_FACE('',(#1586,#1587,#1588,#1589,#1590,#1591,#1592,#1593,
#1594),#1714,.F.);
#1809=ADVANCED_FACE('',(#1595),#1715,.F.);
#1810=ADVANCED_FACE('',(#1596),#1716,.T.);
#1811=ADVANCED_FACE('',(#1597),#1717,.F.);
#1812=ADVANCED_FACE('',(#1598),#1718,.F.);
#1813=ADVANCED_FACE('',(#1599),#1719,.T.);
#1814=ADVANCED_FACE('',(#1600),#1720,.T.);
#1815=ADVANCED_FACE('',(#1601),#1721,.F.);
#1816=ADVANCED_FACE('',(#1602),#1722,.F.);
#1817=ADVANCED_FACE('',(#1603),#1723,.T.);
#1818=ADVANCED_FACE('',(#1604),#1724,.F.);
#1819=ADVANCED_FACE('',(#1605),#1725,.F.);
#1820=ADVANCED_FACE('',(#1606),#1726,.T.);
#1821=ADVANCED_FACE('',(#1607),#1727,.T.);
#1822=ADVANCED_FACE('',(#1608),#1728,.T.);
#1823=ADVANCED_FACE('',(#1609),#1729,.F.);
#1824=ADVANCED_FACE('',(#1610),#1730,.F.);
#1825=ADVANCED_FACE('',(#1611),#1731,.T.);
#1826=ADVANCED_FACE('',(#1612),#1732,.T.);
#1827=ADVANCED_FACE('',(#1613),#1733,.T.);
#1828=ADVANCED_FACE('',(#1614,#1615),#1734,.T.);
#1829=ADVANCED_FACE('',(#1616,#1617),#1735,.T.);
#1830=ADVANCED_FACE('',(#1618),#1736,.T.);
#1831=ADVANCED_FACE('',(#1619),#1737,.F.);
#1832=ADVANCED_FACE('',(#1620),#1738,.T.);
#1833=ADVANCED_FACE('',(#1621),#1739,.T.);
#1834=ADVANCED_FACE('',(#1622),#1740,.F.);
#1835=ADVANCED_FACE('',(#1623),#1741,.F.);
#1836=ADVANCED_FACE('',(#1624),#1742,.T.);
#1837=ADVANCED_FACE('',(#1625),#1743,.T.);
#1838=ADVANCED_FACE('',(#1626),#1744,.F.);
#1839=ADVANCED_FACE('',(#1627),#1745,.F.);
#1840=ADVANCED_FACE('',(#1628),#1746,.T.);
#1841=ADVANCED_FACE('',(#1629,#1630),#1747,.T.);
#1842=ADVANCED_FACE('',(#1631,#1632),#1748,.T.);
#1843=ADVANCED_FACE('',(#1633,#1634),#1749,.T.);
#1844=ADVANCED_FACE('',(#1635),#1750,.T.);
#1845=ADVANCED_FACE('',(#1636),#1751,.F.);
#1846=ADVANCED_FACE('',(#1637),#1752,.F.);
#1847=ADVANCED_FACE('',(#1638),#1753,.T.);
#1848=ADVANCED_FACE('',(#1639),#1754,.T.);
#1849=ADVANCED_FACE('',(#1640),#1755,.F.);
#1850=ADVANCED_FACE('',(#1641),#1756,.F.);
#1851=ADVANCED_FACE('',(#1642),#1757,.T.);
#1852=ADVANCED_FACE('',(#1643),#1758,.T.);
#1853=ADVANCED_FACE('',(#1644),#1759,.F.);
#1854=ADVANCED_FACE('',(#1645),#1760,.F.);
#1855=ADVANCED_FACE('',(#1646),#1761,.T.);
#1856=ADVANCED_FACE('',(#1647,#1648),#1762,.T.);
#1857=ADVANCED_FACE('',(#1649,#1650),#1763,.T.);
#1858=ADVANCED_FACE('',(#1651),#1764,.T.);
#1859=ADVANCED_FACE('',(#1652),#1765,.F.);
#1860=ADVANCED_FACE('',(#1653),#1766,.F.);
#1861=ADVANCED_FACE('',(#1654),#1767,.T.);
#1862=ADVANCED_FACE('',(#1655),#1768,.T.);
#1863=ADVANCED_FACE('',(#1656),#1769,.F.);
#1864=ADVANCED_FACE('',(#1657),#1770,.F.);
#1865=ADVANCED_FACE('',(#1658),#1771,.T.);
#1866=ADVANCED_FACE('',(#1659),#1772,.T.);
#1867=ADVANCED_FACE('',(#1660),#1773,.F.);
#1868=ADVANCED_FACE('',(#1661),#1774,.F.);
#1869=ADVANCED_FACE('',(#1662),#1775,.T.);
#1870=ADVANCED_FACE('',(#1663,#1664,#1665),#1776,.T.);
#1871=ADVANCED_FACE('',(#1666),#1777,.T.);
#1872=ADVANCED_FACE('',(#1667),#1778,.F.);
#1873=ADVANCED_FACE('',(#1668),#1779,.F.);
#1874=ADVANCED_FACE('',(#1669),#1780,.T.);
#1875=ADVANCED_FACE('',(#1670,#1671),#12,.F.);
#1876=ADVANCED_FACE('',(#1672,#1673),#13,.F.);
#1877=ADVANCED_FACE('',(#1674),#1781,.T.);
#1878=ADVANCED_FACE('',(#1675,#1676),#1782,.F.);
#1879=ADVANCED_FACE('',(#1677),#1783,.F.);
#1880=ADVANCED_FACE('',(#1678),#1784,.T.);
#1881=ADVANCED_FACE('',(#1679),#1785,.T.);
#1882=ADVANCED_FACE('',(#1680),#1786,.T.);
#1883=ADVANCED_FACE('',(#1681),#1787,.F.);
#1884=ADVANCED_FACE('',(#1682),#1788,.T.);
#1885=ADVANCED_FACE('',(#1683),#1789,.F.);
#1886=ADVANCED_FACE('',(#1684),#14,.F.);
#1887=ADVANCED_FACE('',(#1685),#15,.F.);
#1888=ADVANCED_FACE('',(#1686),#16,.F.);
#1889=ADVANCED_FACE('',(#1687),#17,.F.);
#1890=ADVANCED_FACE('',(#1688),#1790,.F.);
#1891=ADVANCED_FACE('',(#1689),#1791,.T.);
#1892=ADVANCED_FACE('',(#1690),#1792,.T.);
#1893=ADVANCED_FACE('',(#1691,#1692),#1793,.T.);
#1894=ADVANCED_FACE('',(#1693,#1694),#1794,.T.);
#1895=ADVANCED_FACE('',(#1695),#1795,.T.);
#1896=ADVANCED_FACE('',(#1696),#1796,.F.);
#1897=ADVANCED_FACE('',(#1697),#1797,.F.);
#1898=ADVANCED_FACE('',(#1698),#1798,.T.);
#1899=ADVANCED_FACE('',(#1699),#1799,.T.);
#1900=ADVANCED_FACE('',(#1700),#1800,.F.);
#1901=ADVANCED_FACE('',(#1701),#1801,.F.);
#1902=ADVANCED_FACE('',(#1702),#1802,.T.);
#1903=ADVANCED_FACE('',(#1703),#1803,.T.);
#1904=ADVANCED_FACE('',(#1704),#1804,.F.);
#1905=ADVANCED_FACE('',(#1705),#1805,.F.);
#1906=ADVANCED_FACE('',(#1706),#1806,.T.);
#1907=ADVANCED_FACE('',(#1707,#1708,#1709,#1710,#1711,#1712,#1713),#1807,
 .T.);
#1908=CLOSED_SHELL('',(#1808,#1809,#1810,#1811,#1812,#1813,#1814,#1815,
#1816,#1817,#1818,#1819,#1820,#1821,#1822,#1823,#1824,#1825,#1826,#1827,
#1828,#1829,#1830,#1831,#1832,#1833,#1834,#1835,#1836,#1837,#1838,#1839,
#1840,#1841,#1842,#1843,#1844,#1845,#1846,#1847,#1848,#1849,#1850,#1851,
#1852,#1853,#1854,#1855,#1856,#1857,#1858,#1859,#1860,#1861,#1862,#1863,
#1864,#1865,#1866,#1867,#1868,#1869,#1870,#1871,#1872,#1873,#1874,#1875,
#1876,#1877,#1878,#1879,#1880,#1881,#1882,#1883,#1884,#1885,#1886,#1887,
#1888,#1889,#1890,#1891,#1892,#1893,#1894,#1895,#1896,#1897,#1898,#1899,
#1900,#1901,#1902,#1903,#1904,#1905,#1906,#1907));
#1909=STYLED_ITEM('',(#1910),#1917);
#1910=PRESENTATION_STYLE_ASSIGNMENT((#1911));
#1911=SURFACE_STYLE_USAGE(.BOTH.,#1912);
#1912=SURFACE_SIDE_STYLE('',(#1913));
#1913=SURFACE_STYLE_FILL_AREA(#1914);
#1914=FILL_AREA_STYLE('',(#1915));
#1915=FILL_AREA_STYLE_COLOUR('',#1916);
#1916=COLOUR_RGB('',0.615686274509804,0.811764705882353,0.929411764705882);
#1917=MANIFOLD_SOLID_BREP('Base Nonant',#1908);
#1918=SHAPE_DEFINITION_REPRESENTATION(#3038,#1919);
#1919=SHAPE_REPRESENTATION('Base Nonant',(#1920),#3033);
#1920=AXIS2_PLACEMENT_3D('',#2503,#2033,#2034);
#1921=AXIS2_PLACEMENT_3D('',#2504,#2035,#2036);
#1922=AXIS2_PLACEMENT_3D('',#2593,#2081,#2082);
#1923=AXIS2_PLACEMENT_3D('',#2604,#2089,#2090);
#1924=AXIS2_PLACEMENT_3D('',#2610,#2094,#2095);
#1925=AXIS2_PLACEMENT_3D('',#2614,#2098,#2099);
#1926=AXIS2_PLACEMENT_3D('',#2618,#2102,#2103);
#1927=AXIS2_PLACEMENT_3D('',#2620,#2105,#2106);
#1928=AXIS2_PLACEMENT_3D('',#2621,#2107,#2108);
#1929=AXIS2_PLACEMENT_3D('',#2627,#2112,#2113);
#1930=AXIS2_PLACEMENT_3D('',#2631,#2116,#2117);
#1931=AXIS2_PLACEMENT_3D('',#2637,#2121,#2122);
#1932=AXIS2_PLACEMENT_3D('',#2641,#2125,#2126);
#1933=AXIS2_PLACEMENT_3D('',#2645,#2129,#2130);
#1934=AXIS2_PLACEMENT_3D('',#2647,#2132,#2133);
#1935=AXIS2_PLACEMENT_3D('',#2648,#2134,#2135);
#1936=AXIS2_PLACEMENT_3D('',#2654,#2139,#2140);
#1937=AXIS2_PLACEMENT_3D('',#2658,#2143,#2144);
#1938=AXIS2_PLACEMENT_3D('',#2662,#2147,#2148);
#1939=AXIS2_PLACEMENT_3D('',#2664,#2150,#2151);
#1940=AXIS2_PLACEMENT_3D('',#2668,#2154,#2155);
#1941=AXIS2_PLACEMENT_3D('',#2669,#2156,#2157);
#1942=AXIS2_PLACEMENT_3D('',#2686,#2166,#2167);
#1943=AXIS2_PLACEMENT_3D('',#2700,#2175,#2176);
#1944=AXIS2_PLACEMENT_3D('',#2702,#2178,#2179);
#1945=AXIS2_PLACEMENT_3D('',#2704,#2181,#2182);
#1946=AXIS2_PLACEMENT_3D('',#2705,#2183,#2184);
#1947=AXIS2_PLACEMENT_3D('',#2711,#2188,#2189);
#1948=AXIS2_PLACEMENT_3D('',#2715,#2192,#2193);
#1949=AXIS2_PLACEMENT_3D('',#2719,#2196,#2197);
#1950=AXIS2_PLACEMENT_3D('',#2721,#2199,#2200);
#1951=AXIS2_PLACEMENT_3D('',#2724,#2203,#2204);
#1952=AXIS2_PLACEMENT_3D('',#2726,#2206,#2207);
#1953=AXIS2_PLACEMENT_3D('',#2728,#2209,#2210);
#1954=AXIS2_PLACEMENT_3D('',#2729,#2211,#2212);
#1955=AXIS2_PLACEMENT_3D('',#2746,#2221,#2222);
#1956=AXIS2_PLACEMENT_3D('',#2763,#2231,#2232);
#1957=AXIS2_PLACEMENT_3D('',#2768,#2235,#2236);
#1958=AXIS2_PLACEMENT_3D('',#2772,#2238,#2239);
#1959=AXIS2_PLACEMENT_3D('',#2776,#2241,#2242);
#1960=AXIS2_PLACEMENT_3D('',#2780,#2244,#2245);
#1961=AXIS2_PLACEMENT_3D('',#2781,#2246,#2247);
#1962=AXIS2_PLACEMENT_3D('',#2784,#2250,#2251);
#1963=AXIS2_PLACEMENT_3D('',#2786,#2253,#2254);
#1964=AXIS2_PLACEMENT_3D('',#2788,#2256,#2257);
#1965=AXIS2_PLACEMENT_3D('',#2789,#2258,#2259);
#1966=AXIS2_PLACEMENT_3D('',#2795,#2263,#2264);
#1967=AXIS2_PLACEMENT_3D('',#2799,#2267,#2268);
#1968=AXIS2_PLACEMENT_3D('',#2803,#2271,#2272);
#1969=AXIS2_PLACEMENT_3D('',#2805,#2274,#2275);
#1970=AXIS2_PLACEMENT_3D('',#2808,#2278,#2279);
#1971=AXIS2_PLACEMENT_3D('',#2810,#2281,#2282);
#1972=AXIS2_PLACEMENT_3D('',#2812,#2284,#2285);
#1973=AXIS2_PLACEMENT_3D('',#2813,#2286,#2287);
#1974=AXIS2_PLACEMENT_3D('',#2830,#2296,#2297);
#1975=AXIS2_PLACEMENT_3D('',#2847,#2306,#2307);
#1976=AXIS2_PLACEMENT_3D('',#2850,#2310,#2311);
#1977=AXIS2_PLACEMENT_3D('',#2852,#2313,#2314);
#1978=AXIS2_PLACEMENT_3D('',#2854,#2316,#2317);
#1979=AXIS2_PLACEMENT_3D('',#2855,#2318,#2319);
#1980=AXIS2_PLACEMENT_3D('',#2861,#2323,#2324);
#1981=AXIS2_PLACEMENT_3D('',#2865,#2327,#2328);
#1982=AXIS2_PLACEMENT_3D('',#2869,#2331,#2332);
#1983=AXIS2_PLACEMENT_3D('',#2871,#2334,#2335);
#1984=AXIS2_PLACEMENT_3D('',#2874,#2338,#2339);
#1985=AXIS2_PLACEMENT_3D('',#2876,#2341,#2342);
#1986=AXIS2_PLACEMENT_3D('',#2878,#2344,#2345);
#1987=AXIS2_PLACEMENT_3D('',#2879,#2346,#2347);
#1988=AXIS2_PLACEMENT_3D('',#2888,#2352,#2353);
#1989=AXIS2_PLACEMENT_3D('',#2890,#2354,#2355);
#1990=AXIS2_PLACEMENT_3D('',#2892,#2356,#2357);
#1991=AXIS2_PLACEMENT_3D('',#2895,#2360,#2361);
#1992=AXIS2_PLACEMENT_3D('',#2897,#2363,#2364);
#1993=AXIS2_PLACEMENT_3D('',#2899,#2366,#2367);
#1994=AXIS2_PLACEMENT_3D('',#2900,#2368,#2369);
#1995=AXIS2_PLACEMENT_3D('',#2901,#2370,#2371);
#1996=AXIS2_PLACEMENT_3D('',#2903,#2372,#2373);
#1997=AXIS2_PLACEMENT_3D('',#2904,#2374,#2375);
#1998=AXIS2_PLACEMENT_3D('',#2906,#2376,#2377);
#1999=AXIS2_PLACEMENT_3D('',#2912,#2381,#2382);
#2000=AXIS2_PLACEMENT_3D('',#2916,#2384,#2385);
#2001=AXIS2_PLACEMENT_3D('',#2920,#2387,#2388);
#2002=AXIS2_PLACEMENT_3D('',#2924,#2390,#2391);
#2003=AXIS2_PLACEMENT_3D('',#2928,#2393,#2394);
#2004=AXIS2_PLACEMENT_3D('',#2932,#2397,#2398);
#2005=AXIS2_PLACEMENT_3D('',#2936,#2401,#2402);
#2006=AXIS2_PLACEMENT_3D('',#2943,#2407,#2408);
#2007=AXIS2_PLACEMENT_3D('',#2944,#2409,#2410);
#2008=AXIS2_PLACEMENT_3D('',#2947,#2413,#2414);
#2009=AXIS2_PLACEMENT_3D('',#2950,#2417,#2418);
#2010=AXIS2_PLACEMENT_3D('',#2953,#2421,#2422);
#2011=AXIS2_PLACEMENT_3D('',#2956,#2425,#2426);
#2012=AXIS2_PLACEMENT_3D('',#2957,#2427,#2428);
#2013=AXIS2_PLACEMENT_3D('',#2958,#2429,#2430);
#2014=AXIS2_PLACEMENT_3D('',#2959,#2431,#2432);
#2015=AXIS2_PLACEMENT_3D('',#2960,#2433,#2434);
#2016=AXIS2_PLACEMENT_3D('',#2962,#2436,#2437);
#2017=AXIS2_PLACEMENT_3D('',#2964,#2439,#2440);
#2018=AXIS2_PLACEMENT_3D('',#2965,#2441,#2442);
#2019=AXIS2_PLACEMENT_3D('',#2982,#2451,#2452);
#2020=AXIS2_PLACEMENT_3D('',#2999,#2461,#2462);
#2021=AXIS2_PLACEMENT_3D('',#3002,#2465,#2466);
#2022=AXIS2_PLACEMENT_3D('',#3004,#2468,#2469);
#2023=AXIS2_PLACEMENT_3D('',#3006,#2471,#2472);
#2024=AXIS2_PLACEMENT_3D('',#3007,#2473,#2474);
#2025=AXIS2_PLACEMENT_3D('',#3013,#2478,#2479);
#2026=AXIS2_PLACEMENT_3D('',#3017,#2482,#2483);
#2027=AXIS2_PLACEMENT_3D('',#3021,#2486,#2487);
#2028=AXIS2_PLACEMENT_3D('',#3023,#2489,#2490);
#2029=AXIS2_PLACEMENT_3D('',#3026,#2493,#2494);
#2030=AXIS2_PLACEMENT_3D('',#3028,#2496,#2497);
#2031=AXIS2_PLACEMENT_3D('',#3030,#2499,#2500);
#2032=AXIS2_PLACEMENT_3D('',#3031,#2501,#2502);
#2033=DIRECTION('',(0.,0.,1.));
#2034=DIRECTION('',(1.,0.,0.));
#2035=DIRECTION('',(0.,0.,1.));
#2036=DIRECTION('',(1.,0.,0.));
#2037=DIRECTION('',(0.,-1.,0.));
#2038=DIRECTION('',(1.,0.,0.));
#2039=DIRECTION('',(0.,-1.,0.));
#2040=DIRECTION('',(1.,0.,0.));
#2041=DIRECTION('',(0.,-1.,0.));
#2042=DIRECTION('',(1.,0.,0.));
#2043=DIRECTION('',(0.,-1.,0.));
#2044=DIRECTION('',(1.,0.,0.));
#2045=DIRECTION('',(0.,-1.,0.));
#2046=DIRECTION('',(1.,0.,0.));
#2047=DIRECTION('',(0.,-1.,0.));
#2048=DIRECTION('',(1.,0.,0.));
#2049=DIRECTION('',(0.,-1.,0.));
#2050=DIRECTION('',(1.,0.,0.));
#2051=DIRECTION('',(0.,-1.,0.));
#2052=DIRECTION('',(1.,0.,0.));
#2053=DIRECTION('',(0.,-1.,0.));
#2054=DIRECTION('',(1.,0.,0.));
#2055=DIRECTION('',(0.,-1.,0.));
#2056=DIRECTION('',(1.,0.,0.));
#2057=DIRECTION('',(0.,-1.,0.));
#2058=DIRECTION('',(1.,0.,0.));
#2059=DIRECTION('',(0.,-1.,0.));
#2060=DIRECTION('',(1.,0.,0.));
#2061=DIRECTION('',(-1.38777878078145E-16,-1.,0.));
#2062=DIRECTION('',(1.,0.,0.));
#2063=DIRECTION('',(-1.38777878078145E-16,-1.,0.));
#2064=DIRECTION('',(1.,0.,0.));
#2065=DIRECTION('',(0.,-1.,0.));
#2066=DIRECTION('',(1.,0.,0.));
#2067=DIRECTION('',(0.,-1.,0.));
#2068=DIRECTION('',(1.,0.,0.));
#2069=DIRECTION('',(0.,-1.,0.));
#2070=DIRECTION('',(1.,0.,0.));
#2071=DIRECTION('',(0.,-1.,0.));
#2072=DIRECTION('',(1.,0.,0.));
#2073=DIRECTION('',(0.,-1.,0.));
#2074=DIRECTION('',(1.,0.,0.));
#2075=DIRECTION('',(0.,-1.,0.));
#2076=DIRECTION('',(1.,0.,0.));
#2077=DIRECTION('',(0.,-1.,0.));
#2078=DIRECTION('',(1.,0.,0.));
#2079=DIRECTION('',(0.,-1.,0.));
#2080=DIRECTION('',(1.,0.,0.));
#2081=DIRECTION('',(0.,1.,0.));
#2082=DIRECTION('',(0.,0.,1.));
#2083=DIRECTION('',(0.,0.,-1.));
#2084=DIRECTION('',(-1.,0.,0.));
#2085=DIRECTION('',(0.,0.,-1.));
#2086=DIRECTION('',(0.,0.,-1.));
#2087=DIRECTION('',(-1.,0.,0.));
#2088=DIRECTION('',(0.,0.,-1.));
#2089=DIRECTION('',(1.,0.,0.));
#2090=DIRECTION('',(0.,0.,-1.));
#2091=DIRECTION('',(0.,1.,0.));
#2092=DIRECTION('',(0.,0.,-1.));
#2093=DIRECTION('',(0.,0.,-1.));
#2094=DIRECTION('',(0.,1.,0.));
#2095=DIRECTION('',(0.,0.,1.));
#2096=DIRECTION('',(0.,0.,-1.));
#2097=DIRECTION('',(-1.,0.,0.));
#2098=DIRECTION('',(1.,0.,0.));
#2099=DIRECTION('',(0.,0.,-1.));
#2100=DIRECTION('',(0.,0.,-1.));
#2101=DIRECTION('',(0.,1.,0.));
#2102=DIRECTION('',(0.,1.,0.));
#2103=DIRECTION('',(0.,0.,1.));
#2104=DIRECTION('',(-1.,0.,0.));
#2105=DIRECTION('',(0.,0.,-1.));
#2106=DIRECTION('',(-1.,0.,0.));
#2107=DIRECTION('',(1.,-1.38777878078145E-16,0.));
#2108=DIRECTION('',(1.38777878078145E-16,1.,0.));
#2109=DIRECTION('',(-1.38777878078145E-16,-1.,0.));
#2110=DIRECTION('',(0.,0.,-1.));
#2111=DIRECTION('',(0.,0.,-1.));
#2112=DIRECTION('',(0.,1.,0.));
#2113=DIRECTION('',(0.,0.,1.));
#2114=DIRECTION('',(0.,0.,-1.));
#2115=DIRECTION('',(1.,0.,0.));
#2116=DIRECTION('',(1.,0.,0.));
#2117=DIRECTION('',(0.,0.,-1.));
#2118=DIRECTION('',(0.,1.,0.));
#2119=DIRECTION('',(0.,0.,-1.));
#2120=DIRECTION('',(0.,0.,-1.));
#2121=DIRECTION('',(0.,1.,0.));
#2122=DIRECTION('',(0.,0.,1.));
#2123=DIRECTION('',(0.,0.,-1.));
#2124=DIRECTION('',(-1.,0.,0.));
#2125=DIRECTION('',(1.,0.,0.));
#2126=DIRECTION('',(0.,0.,-1.));
#2127=DIRECTION('',(0.,0.,-1.));
#2128=DIRECTION('',(0.,1.,0.));
#2129=DIRECTION('',(0.,1.,0.));
#2130=DIRECTION('',(0.,0.,1.));
#2131=DIRECTION('',(-1.,0.,0.));
#2132=DIRECTION('',(0.,0.,-1.));
#2133=DIRECTION('',(-1.,0.,0.));
#2134=DIRECTION('',(1.,0.,0.));
#2135=DIRECTION('',(0.,0.,-1.));
#2136=DIRECTION('',(0.,1.,0.));
#2137=DIRECTION('',(0.,0.,-1.));
#2138=DIRECTION('',(0.,0.,-1.));
#2139=DIRECTION('',(0.,1.,0.));
#2140=DIRECTION('',(0.,0.,1.));
#2141=DIRECTION('',(0.,0.,-1.));
#2142=DIRECTION('',(-1.,0.,0.));
#2143=DIRECTION('',(1.,0.,0.));
#2144=DIRECTION('',(0.,0.,-1.));
#2145=DIRECTION('',(0.,0.,-1.));
#2146=DIRECTION('',(0.,1.,0.));
#2147=DIRECTION('',(0.,1.,0.));
#2148=DIRECTION('',(0.,0.,1.));
#2149=DIRECTION('',(-1.,0.,0.));
#2150=DIRECTION('',(1.,-1.38777878078145E-16,0.));
#2151=DIRECTION('',(1.38777878078145E-16,1.,0.));
#2152=DIRECTION('',(0.,0.,-1.));
#2153=DIRECTION('',(-1.38777878078145E-16,-1.,0.));
#2154=DIRECTION('',(0.,0.,-1.));
#2155=DIRECTION('',(-1.,0.,0.));
#2156=DIRECTION('',(0.,0.,1.));
#2157=DIRECTION('',(1.,0.,0.));
#2158=DIRECTION('',(1.,0.,0.));
#2159=DIRECTION('',(0.,-1.,0.));
#2160=DIRECTION('',(1.,0.,0.));
#2161=DIRECTION('',(0.,-1.,0.));
#2162=DIRECTION('',(0.,-1.,0.));
#2163=DIRECTION('',(1.,0.,0.));
#2164=DIRECTION('',(0.,-1.,0.));
#2165=DIRECTION('',(1.,0.,0.));
#2166=DIRECTION('',(0.,0.,-1.));
#2167=DIRECTION('',(-1.,0.,0.));
#2168=DIRECTION('',(-1.,0.,0.));
#2169=DIRECTION('',(0.,1.,0.));
#2170=DIRECTION('',(0.,1.,0.));
#2171=DIRECTION('',(0.,1.,0.));
#2172=DIRECTION('',(-1.,0.,0.));
#2173=DIRECTION('',(0.,1.,0.));
#2174=DIRECTION('',(-1.,0.,0.));
#2175=DIRECTION('',(1.,0.,0.));
#2176=DIRECTION('',(0.,0.,-1.));
#2177=DIRECTION('',(0.,0.,-1.));
#2178=DIRECTION('',(1.,0.,0.));
#2179=DIRECTION('',(0.,0.,-1.));
#2180=DIRECTION('',(0.,0.,-1.));
#2181=DIRECTION('',(0.,1.,0.));
#2182=DIRECTION('',(0.,0.,1.));
#2183=DIRECTION('',(0.,-1.,0.));
#2184=DIRECTION('',(0.,0.,-1.));
#2185=DIRECTION('',(1.,0.,0.));
#2186=DIRECTION('',(0.,0.,1.));
#2187=DIRECTION('',(0.,0.,1.));
#2188=DIRECTION('',(-1.,0.,0.));
#2189=DIRECTION('',(0.,0.,1.));
#2190=DIRECTION('',(0.,-1.,0.));
#2191=DIRECTION('',(0.,0.,1.));
#2192=DIRECTION('',(0.,-1.,0.));
#2193=DIRECTION('',(0.,0.,-1.));
#2194=DIRECTION('',(1.,0.,0.));
#2195=DIRECTION('',(0.,0.,1.));
#2196=DIRECTION('',(-1.,0.,0.));
#2197=DIRECTION('',(0.,0.,1.));
#2198=DIRECTION('',(0.,-1.,0.));
#2199=DIRECTION('',(0.,-1.,0.));
#2200=DIRECTION('',(0.,0.,-1.));
#2201=DIRECTION('',(0.,0.,1.));
#2202=DIRECTION('',(0.,0.,1.));
#2203=DIRECTION('',(-1.,0.,0.));
#2204=DIRECTION('',(0.,0.,1.));
#2205=DIRECTION('',(0.,0.,1.));
#2206=DIRECTION('',(0.,-1.,0.));
#2207=DIRECTION('',(0.,0.,-1.));
#2208=DIRECTION('',(0.,0.,1.));
#2209=DIRECTION('',(-1.,0.,0.));
#2210=DIRECTION('',(0.,0.,1.));
#2211=DIRECTION('',(0.,0.,1.));
#2212=DIRECTION('',(1.,0.,0.));
#2213=DIRECTION('',(1.,0.,0.));
#2214=DIRECTION('',(0.,-1.,0.));
#2215=DIRECTION('',(1.,0.,0.));
#2216=DIRECTION('',(0.,-1.,0.));
#2217=DIRECTION('',(0.,-1.,0.));
#2218=DIRECTION('',(1.,0.,0.));
#2219=DIRECTION('',(0.,-1.,0.));
#2220=DIRECTION('',(1.,0.,0.));
#2221=DIRECTION('',(0.,0.,-1.));
#2222=DIRECTION('',(-1.,0.,0.));
#2223=DIRECTION('',(-1.,0.,0.));
#2224=DIRECTION('',(0.,1.,0.));
#2225=DIRECTION('',(-1.,0.,0.));
#2226=DIRECTION('',(0.,1.,0.));
#2227=DIRECTION('',(0.,1.,0.));
#2228=DIRECTION('',(-1.,0.,0.));
#2229=DIRECTION('',(0.,1.,0.));
#2230=DIRECTION('',(-1.,0.,0.));
#2231=DIRECTION('',(0.,1.,0.));
#2232=DIRECTION('',(0.,0.,1.));
#2233=DIRECTION('',(1.,0.,0.));
#2234=DIRECTION('',(0.,0.,-1.));
#2235=DIRECTION('',(0.,1.,0.));
#2236=DIRECTION('',(0.,0.,1.));
#2237=DIRECTION('',(-1.,0.,0.));
#2238=DIRECTION('',(0.,1.,0.));
#2239=DIRECTION('',(0.,0.,1.));
#2240=DIRECTION('',(0.,0.,-1.));
#2241=DIRECTION('',(0.,1.,0.));
#2242=DIRECTION('',(0.,0.,1.));
#2243=DIRECTION('',(-1.,0.,0.));
#2244=DIRECTION('',(0.,1.,0.));
#2245=DIRECTION('',(0.,0.,1.));
#2246=DIRECTION('',(1.,0.,0.));
#2247=DIRECTION('',(0.,0.,-1.));
#2248=DIRECTION('',(0.,0.,-1.));
#2249=DIRECTION('',(0.,0.,-1.));
#2250=DIRECTION('',(0.,1.,0.));
#2251=DIRECTION('',(0.,0.,1.));
#2252=DIRECTION('',(0.,0.,-1.));
#2253=DIRECTION('',(1.,0.,0.));
#2254=DIRECTION('',(0.,0.,-1.));
#2255=DIRECTION('',(0.,0.,-1.));
#2256=DIRECTION('',(0.,1.,0.));
#2257=DIRECTION('',(0.,0.,1.));
#2258=DIRECTION('',(0.,-1.,0.));
#2259=DIRECTION('',(0.,0.,-1.));
#2260=DIRECTION('',(1.,0.,0.));
#2261=DIRECTION('',(0.,0.,1.));
#2262=DIRECTION('',(0.,0.,1.));
#2263=DIRECTION('',(-1.,0.,0.));
#2264=DIRECTION('',(0.,0.,1.));
#2265=DIRECTION('',(0.,-1.,0.));
#2266=DIRECTION('',(0.,0.,1.));
#2267=DIRECTION('',(0.,-1.,0.));
#2268=DIRECTION('',(0.,0.,-1.));
#2269=DIRECTION('',(1.,0.,0.));
#2270=DIRECTION('',(0.,0.,1.));
#2271=DIRECTION('',(-1.,0.,0.));
#2272=DIRECTION('',(0.,0.,1.));
#2273=DIRECTION('',(0.,-1.,0.));
#2274=DIRECTION('',(0.,-1.,0.));
#2275=DIRECTION('',(0.,0.,-1.));
#2276=DIRECTION('',(0.,0.,1.));
#2277=DIRECTION('',(0.,0.,1.));
#2278=DIRECTION('',(-1.,0.,0.));
#2279=DIRECTION('',(0.,0.,1.));
#2280=DIRECTION('',(0.,0.,1.));
#2281=DIRECTION('',(0.,-1.,0.));
#2282=DIRECTION('',(0.,0.,-1.));
#2283=DIRECTION('',(0.,0.,1.));
#2284=DIRECTION('',(-1.,0.,0.));
#2285=DIRECTION('',(0.,0.,1.));
#2286=DIRECTION('',(0.,0.,1.));
#2287=DIRECTION('',(1.,0.,0.));
#2288=DIRECTION('',(1.,0.,0.));
#2289=DIRECTION('',(0.,-1.,0.));
#2290=DIRECTION('',(1.,0.,0.));
#2291=DIRECTION('',(0.,-1.,0.));
#2292=DIRECTION('',(0.,-1.,0.));
#2293=DIRECTION('',(1.,0.,0.));
#2294=DIRECTION('',(0.,-1.,0.));
#2295=DIRECTION('',(1.,0.,0.));
#2296=DIRECTION('',(0.,0.,-1.));
#2297=DIRECTION('',(-1.,0.,0.));
#2298=DIRECTION('',(-1.,0.,0.));
#2299=DIRECTION('',(0.,1.,0.));
#2300=DIRECTION('',(-1.,0.,0.));
#2301=DIRECTION('',(0.,1.,0.));
#2302=DIRECTION('',(0.,1.,0.));
#2303=DIRECTION('',(-1.,0.,0.));
#2304=DIRECTION('',(0.,1.,0.));
#2305=DIRECTION('',(-1.,0.,0.));
#2306=DIRECTION('',(1.,0.,0.));
#2307=DIRECTION('',(0.,0.,-1.));
#2308=DIRECTION('',(0.,0.,-1.));
#2309=DIRECTION('',(0.,0.,-1.));
#2310=DIRECTION('',(0.,1.,0.));
#2311=DIRECTION('',(0.,0.,1.));
#2312=DIRECTION('',(0.,0.,-1.));
#2313=DIRECTION('',(1.,0.,0.));
#2314=DIRECTION('',(0.,0.,-1.));
#2315=DIRECTION('',(0.,0.,-1.));
#2316=DIRECTION('',(0.,1.,0.));
#2317=DIRECTION('',(0.,0.,1.));
#2318=DIRECTION('',(0.,-1.,0.));
#2319=DIRECTION('',(0.,0.,-1.));
#2320=DIRECTION('',(1.,0.,0.));
#2321=DIRECTION('',(0.,0.,1.));
#2322=DIRECTION('',(0.,0.,1.));
#2323=DIRECTION('',(-1.,0.,0.));
#2324=DIRECTION('',(0.,0.,1.));
#2325=DIRECTION('',(0.,-1.,0.));
#2326=DIRECTION('',(0.,0.,1.));
#2327=DIRECTION('',(0.,-1.,0.));
#2328=DIRECTION('',(0.,0.,-1.));
#2329=DIRECTION('',(1.,0.,0.));
#2330=DIRECTION('',(0.,0.,1.));
#2331=DIRECTION('',(-1.,0.,0.));
#2332=DIRECTION('',(0.,0.,1.));
#2333=DIRECTION('',(0.,-1.,0.));
#2334=DIRECTION('',(0.,-1.,0.));
#2335=DIRECTION('',(0.,0.,-1.));
#2336=DIRECTION('',(0.,0.,1.));
#2337=DIRECTION('',(0.,0.,1.));
#2338=DIRECTION('',(-1.,0.,0.));
#2339=DIRECTION('',(0.,0.,1.));
#2340=DIRECTION('',(0.,0.,1.));
#2341=DIRECTION('',(0.,-1.,0.));
#2342=DIRECTION('',(0.,0.,-1.));
#2343=DIRECTION('',(0.,0.,1.));
#2344=DIRECTION('',(-1.,0.,0.));
#2345=DIRECTION('',(0.,0.,1.));
#2346=DIRECTION('',(0.,0.,-1.));
#2347=DIRECTION('',(-1.,0.,0.));
#2348=DIRECTION('',(-1.,0.,0.));
#2349=DIRECTION('',(0.,1.,0.));
#2350=DIRECTION('',(-1.,0.,0.));
#2351=DIRECTION('',(0.,1.,0.));
#2352=DIRECTION('',(0.,0.,-1.));
#2353=DIRECTION('',(-1.,0.,0.));
#2354=DIRECTION('',(0.,0.,-1.));
#2355=DIRECTION('',(-1.,0.,0.));
#2356=DIRECTION('',(1.,0.,0.));
#2357=DIRECTION('',(0.,0.,-1.));
#2358=DIRECTION('',(0.,0.,-1.));
#2359=DIRECTION('',(0.,0.,-1.));
#2360=DIRECTION('',(0.,1.,0.));
#2361=DIRECTION('',(0.,0.,1.));
#2362=DIRECTION('',(0.,0.,-1.));
#2363=DIRECTION('',(1.,0.,0.));
#2364=DIRECTION('',(0.,0.,-1.));
#2365=DIRECTION('',(0.,0.,-1.));
#2366=DIRECTION('',(0.,1.,0.));
#2367=DIRECTION('',(0.,0.,1.));
#2368=DIRECTION('',(0.,0.,1.));
#2369=DIRECTION('',(1.,0.,0.));
#2370=DIRECTION('',(0.,0.,-1.));
#2371=DIRECTION('',(1.,0.,0.));
#2372=DIRECTION('',(0.,0.,1.));
#2373=DIRECTION('',(1.,0.,0.));
#2374=DIRECTION('',(0.,0.,1.));
#2375=DIRECTION('',(1.,0.,0.));
#2376=DIRECTION('',(1.,0.,0.));
#2377=DIRECTION('',(0.,0.,-1.));
#2378=DIRECTION('',(0.,1.,0.));
#2379=DIRECTION('',(0.,0.,-1.));
#2380=DIRECTION('',(0.,0.,-1.));
#2381=DIRECTION('',(0.,1.,0.));
#2382=DIRECTION('',(0.,0.,1.));
#2383=DIRECTION('',(0.,0.,1.));
#2384=DIRECTION('',(0.,1.,0.));
#2385=DIRECTION('',(0.,0.,1.));
#2386=DIRECTION('',(1.,0.,0.));
#2387=DIRECTION('',(0.,1.,0.));
#2388=DIRECTION('',(0.,0.,1.));
#2389=DIRECTION('',(0.,0.,1.));
#2390=DIRECTION('',(0.,1.,0.));
#2391=DIRECTION('',(0.,0.,1.));
#2392=DIRECTION('',(1.,0.,0.));
#2393=DIRECTION('',(0.,1.,0.));
#2394=DIRECTION('',(0.,0.,1.));
#2395=DIRECTION('',(0.,0.,-1.));
#2396=DIRECTION('',(-1.,0.,0.));
#2397=DIRECTION('',(1.,0.,0.));
#2398=DIRECTION('',(0.,0.,-1.));
#2399=DIRECTION('',(0.,0.,-1.));
#2400=DIRECTION('',(0.,1.,0.));
#2401=DIRECTION('',(0.,1.,0.));
#2402=DIRECTION('',(0.,0.,1.));
#2403=DIRECTION('',(0.,0.,1.));
#2404=DIRECTION('',(-1.,0.,0.));
#2405=DIRECTION('',(0.,0.,1.));
#2406=DIRECTION('',(1.,0.,0.));
#2407=DIRECTION('',(0.,0.,-1.));
#2408=DIRECTION('',(-1.,0.,0.));
#2409=DIRECTION('',(1.,0.,0.));
#2410=DIRECTION('',(0.,0.,-1.));
#2411=DIRECTION('',(0.,1.,0.));
#2412=DIRECTION('',(0.,1.,0.));
#2413=DIRECTION('',(0.,0.,-1.));
#2414=DIRECTION('',(-1.,0.,0.));
#2415=DIRECTION('',(0.,1.,0.));
#2416=DIRECTION('',(0.,1.,0.));
#2417=DIRECTION('',(0.,0.,-1.));
#2418=DIRECTION('',(-1.,0.,0.));
#2419=DIRECTION('',(0.,1.,0.));
#2420=DIRECTION('',(0.,1.,0.));
#2421=DIRECTION('',(1.,0.,0.));
#2422=DIRECTION('',(0.,0.,-1.));
#2423=DIRECTION('',(0.,1.,0.));
#2424=DIRECTION('',(0.,1.,0.));
#2425=DIRECTION('',(0.,-1.,0.));
#2426=DIRECTION('',(0.,0.,-1.));
#2427=DIRECTION('',(0.,1.,0.));
#2428=DIRECTION('',(0.,0.,1.));
#2429=DIRECTION('',(0.,-1.,0.));
#2430=DIRECTION('',(0.,0.,-1.));
#2431=DIRECTION('',(0.,1.,0.));
#2432=DIRECTION('',(0.,0.,1.));
#2433=DIRECTION('',(1.,0.,0.));
#2434=DIRECTION('',(0.,0.,-1.));
#2435=DIRECTION('',(0.,-1.,0.));
#2436=DIRECTION('',(1.,0.,0.));
#2437=DIRECTION('',(0.,0.,-1.));
#2438=DIRECTION('',(0.,-1.,0.));
#2439=DIRECTION('',(0.,0.,-1.));
#2440=DIRECTION('',(-1.,0.,0.));
#2441=DIRECTION('',(0.,0.,1.));
#2442=DIRECTION('',(1.,0.,0.));
#2443=DIRECTION('',(1.,0.,0.));
#2444=DIRECTION('',(0.,-1.,0.));
#2445=DIRECTION('',(1.,0.,0.));
#2446=DIRECTION('',(0.,-1.,0.));
#2447=DIRECTION('',(0.,-1.,0.));
#2448=DIRECTION('',(1.,0.,0.));
#2449=DIRECTION('',(0.,-1.,0.));
#2450=DIRECTION('',(1.,0.,0.));
#2451=DIRECTION('',(0.,0.,-1.));
#2452=DIRECTION('',(-1.,0.,0.));
#2453=DIRECTION('',(-1.,0.,0.));
#2454=DIRECTION('',(0.,1.,0.));
#2455=DIRECTION('',(-1.,0.,0.));
#2456=DIRECTION('',(0.,1.,0.));
#2457=DIRECTION('',(0.,1.,0.));
#2458=DIRECTION('',(-1.,0.,0.));
#2459=DIRECTION('',(0.,1.,0.));
#2460=DIRECTION('',(-1.,0.,0.));
#2461=DIRECTION('',(1.,0.,0.));
#2462=DIRECTION('',(0.,0.,-1.));
#2463=DIRECTION('',(0.,0.,-1.));
#2464=DIRECTION('',(0.,0.,-1.));
#2465=DIRECTION('',(0.,1.,0.));
#2466=DIRECTION('',(0.,0.,1.));
#2467=DIRECTION('',(0.,0.,-1.));
#2468=DIRECTION('',(1.,0.,0.));
#2469=DIRECTION('',(0.,0.,-1.));
#2470=DIRECTION('',(0.,0.,-1.));
#2471=DIRECTION('',(0.,1.,0.));
#2472=DIRECTION('',(0.,0.,1.));
#2473=DIRECTION('',(0.,-1.,0.));
#2474=DIRECTION('',(0.,0.,-1.));
#2475=DIRECTION('',(1.,0.,0.));
#2476=DIRECTION('',(0.,0.,1.));
#2477=DIRECTION('',(0.,0.,1.));
#2478=DIRECTION('',(-1.,0.,0.));
#2479=DIRECTION('',(0.,0.,1.));
#2480=DIRECTION('',(0.,-1.,0.));
#2481=DIRECTION('',(0.,0.,1.));
#2482=DIRECTION('',(0.,-1.,0.));
#2483=DIRECTION('',(0.,0.,-1.));
#2484=DIRECTION('',(1.,0.,0.));
#2485=DIRECTION('',(0.,0.,1.));
#2486=DIRECTION('',(-1.,0.,0.));
#2487=DIRECTION('',(0.,0.,1.));
#2488=DIRECTION('',(0.,-1.,0.));
#2489=DIRECTION('',(0.,-1.,0.));
#2490=DIRECTION('',(0.,0.,-1.));
#2491=DIRECTION('',(0.,0.,1.));
#2492=DIRECTION('',(0.,0.,1.));
#2493=DIRECTION('',(-1.,0.,0.));
#2494=DIRECTION('',(0.,0.,1.));
#2495=DIRECTION('',(0.,0.,1.));
#2496=DIRECTION('',(0.,-1.,0.));
#2497=DIRECTION('',(0.,0.,-1.));
#2498=DIRECTION('',(0.,0.,1.));
#2499=DIRECTION('',(-1.,0.,0.));
#2500=DIRECTION('',(0.,0.,1.));
#2501=DIRECTION('',(0.,0.,1.));
#2502=DIRECTION('',(1.,0.,0.));
#2503=CARTESIAN_POINT('',(0.,0.,0.));
#2504=CARTESIAN_POINT('',(0.,0.,0.));
#2505=CARTESIAN_POINT('',(-0.012,-0.025,0.));
#2506=CARTESIAN_POINT('',(-0.012,-0.013,0.));
#2507=CARTESIAN_POINT('',(-0.012,-0.037,0.));
#2508=CARTESIAN_POINT('',(0.,-0.037,0.));
#2509=CARTESIAN_POINT('',(0.012,-0.037,0.));
#2510=CARTESIAN_POINT('',(0.012,-0.025,0.));
#2511=CARTESIAN_POINT('',(0.012,-0.013,0.));
#2512=CARTESIAN_POINT('',(0.,-0.013,0.));
#2513=CARTESIAN_POINT('',(0.013,0.025,0.));
#2514=CARTESIAN_POINT('',(0.013,0.037,0.));
#2515=CARTESIAN_POINT('',(0.013,0.013,0.));
#2516=CARTESIAN_POINT('',(0.025,0.013,0.));
#2517=CARTESIAN_POINT('',(0.037,0.013,0.));
#2518=CARTESIAN_POINT('',(0.037,0.025,0.));
#2519=CARTESIAN_POINT('',(0.037,0.037,0.));
#2520=CARTESIAN_POINT('',(0.025,0.037,0.));
#2521=CARTESIAN_POINT('',(0.013,-1.7347234759768E-18,0.));
#2522=CARTESIAN_POINT('',(0.013,0.012,0.));
#2523=CARTESIAN_POINT('',(0.013,-0.012,0.));
#2524=CARTESIAN_POINT('',(0.025,-0.012,0.));
#2525=CARTESIAN_POINT('',(0.037,-0.012,0.));
#2526=CARTESIAN_POINT('',(0.037,-1.7347234759768E-18,0.));
#2527=CARTESIAN_POINT('',(0.037,0.012,0.));
#2528=CARTESIAN_POINT('',(0.025,0.012,0.));
#2529=CARTESIAN_POINT('',(-0.012,0.025,0.));
#2530=CARTESIAN_POINT('',(-0.012,0.037,0.));
#2531=CARTESIAN_POINT('',(-0.012,0.013,0.));
#2532=CARTESIAN_POINT('',(0.,0.013,0.));
#2533=CARTESIAN_POINT('',(0.012,0.013,0.));
#2534=CARTESIAN_POINT('',(0.012,0.025,0.));
#2535=CARTESIAN_POINT('',(0.012,0.037,0.));
#2536=CARTESIAN_POINT('',(0.,0.037,0.));
#2537=CARTESIAN_POINT('',(0.013,-0.025,0.));
#2538=CARTESIAN_POINT('',(0.013,-0.013,0.));
#2539=CARTESIAN_POINT('',(0.013,-0.037,0.));
#2540=CARTESIAN_POINT('',(0.025,-0.037,0.));
#2541=CARTESIAN_POINT('',(0.037,-0.037,0.));
#2542=CARTESIAN_POINT('',(0.037,-0.025,0.));
#2543=CARTESIAN_POINT('',(0.037,-0.013,0.));
#2544=CARTESIAN_POINT('',(0.025,-0.013,0.));
#2545=CARTESIAN_POINT('',(-0.037,-0.025,0.));
#2546=CARTESIAN_POINT('',(-0.037,-0.013,0.));
#2547=CARTESIAN_POINT('',(-0.037,-0.037,0.));
#2548=CARTESIAN_POINT('',(-0.025,-0.037,0.));
#2549=CARTESIAN_POINT('',(-0.013,-0.037,0.));
#2550=CARTESIAN_POINT('',(-0.013,-0.025,0.));
#2551=CARTESIAN_POINT('',(-0.013,-0.013,0.));
#2552=CARTESIAN_POINT('',(-0.025,-0.013,0.));
#2553=CARTESIAN_POINT('',(0.0375,-0.025,0.));
#2554=CARTESIAN_POINT('',(0.0375,0.0375,0.));
#2555=CARTESIAN_POINT('',(0.0375,-0.0375,0.));
#2556=CARTESIAN_POINT('',(-0.025,-0.0375,0.));
#2557=CARTESIAN_POINT('',(-0.0375,-0.0375,0.));
#2558=CARTESIAN_POINT('',(-0.0375,-0.025,0.));
#2559=CARTESIAN_POINT('',(-0.0375,0.0375,0.));
#2560=CARTESIAN_POINT('',(1.7347234759768E-18,0.0375,0.));
#2561=CARTESIAN_POINT('',(-0.012,-1.7347234759768E-18,0.));
#2562=CARTESIAN_POINT('',(-0.012,0.012,0.));
#2563=CARTESIAN_POINT('',(-0.012,-0.012,0.));
#2564=CARTESIAN_POINT('',(0.,-0.012,0.));
#2565=CARTESIAN_POINT('',(0.012,-0.012,0.));
#2566=CARTESIAN_POINT('',(0.012,-1.7347234759768E-18,0.));
#2567=CARTESIAN_POINT('',(0.012,0.012,0.));
#2568=CARTESIAN_POINT('',(0.,0.012,0.));
#2569=CARTESIAN_POINT('',(-0.0345,0.037502,0.));
#2570=CARTESIAN_POINT('',(-0.0345,0.013,0.));
#2571=CARTESIAN_POINT('',(-0.0345,0.012,0.));
#2572=CARTESIAN_POINT('',(-0.025,0.012,0.));
#2573=CARTESIAN_POINT('',(-0.037,0.012,0.));
#2574=CARTESIAN_POINT('',(-0.037,-1.7347234759768E-18,0.));
#2575=CARTESIAN_POINT('',(-0.037,-0.012,0.));
#2576=CARTESIAN_POINT('',(-0.025,-0.012,0.));
#2577=CARTESIAN_POINT('',(-0.013,-0.012,0.));
#2578=CARTESIAN_POINT('',(-0.013,-1.7347234759768E-18,0.));
#2579=CARTESIAN_POINT('',(-0.013,0.012,0.));
#2580=CARTESIAN_POINT('',(-0.025,0.012,0.));
#2581=CARTESIAN_POINT('',(-0.0155,0.012,0.));
#2582=CARTESIAN_POINT('',(-0.0155,0.037502,0.));
#2583=CARTESIAN_POINT('',(-0.0155,0.013,0.));
#2584=CARTESIAN_POINT('',(-0.025,0.013,0.));
#2585=CARTESIAN_POINT('',(-0.013,0.013,0.));
#2586=CARTESIAN_POINT('',(-0.013,0.025,0.));
#2587=CARTESIAN_POINT('',(-0.013,0.037,0.));
#2588=CARTESIAN_POINT('',(-0.025,0.037,0.));
#2589=CARTESIAN_POINT('',(-0.037,0.037,0.));
#2590=CARTESIAN_POINT('',(-0.037,0.025,0.));
#2591=CARTESIAN_POINT('',(-0.037,0.013,0.));
#2592=CARTESIAN_POINT('',(-0.025,0.013,0.));
#2593=CARTESIAN_POINT('',(-0.025,0.012,0.0078));
#2594=CARTESIAN_POINT('',(-0.0345,0.012,0.003));
#2595=CARTESIAN_POINT('',(-0.0345,0.012,0.006));
#2596=CARTESIAN_POINT('',(-0.025,0.012,0.006));
#2597=CARTESIAN_POINT('',(-0.0155,0.012,0.006));
#2598=CARTESIAN_POINT('',(-0.0155,0.012,0.003));
#2599=CARTESIAN_POINT('',(-0.013,0.012,0.0078));
#2600=CARTESIAN_POINT('',(-0.013,0.012,0.0068));
#2601=CARTESIAN_POINT('',(-0.025,0.012,0.0068));
#2602=CARTESIAN_POINT('',(-0.037,0.012,0.0068));
#2603=CARTESIAN_POINT('',(-0.037,0.012,0.0078));
#2604=CARTESIAN_POINT('',(-0.012,-1.7347234759768E-18,0.0078));
#2605=CARTESIAN_POINT('',(-0.012,-1.7347234759768E-18,0.0068));
#2606=CARTESIAN_POINT('',(-0.012,-0.012,0.0068));
#2607=CARTESIAN_POINT('',(-0.012,0.012,0.0068));
#2608=CARTESIAN_POINT('',(-0.012,-0.012,0.0078));
#2609=CARTESIAN_POINT('',(-0.012,0.012,0.0078));
#2610=CARTESIAN_POINT('',(0.,0.012,0.0078));
#2611=CARTESIAN_POINT('',(0.012,0.012,0.0078));
#2612=CARTESIAN_POINT('',(0.012,0.012,0.0068));
#2613=CARTESIAN_POINT('',(0.,0.012,0.0068));
#2614=CARTESIAN_POINT('',(0.012,-1.7347234759768E-18,0.0078));
#2615=CARTESIAN_POINT('',(0.012,-0.012,0.0078));
#2616=CARTESIAN_POINT('',(0.012,-0.012,0.0068));
#2617=CARTESIAN_POINT('',(0.012,-1.7347234759768E-18,0.0068));
#2618=CARTESIAN_POINT('',(0.,-0.012,0.0078));
#2619=CARTESIAN_POINT('',(0.,-0.012,0.0068));
#2620=CARTESIAN_POINT('',(-1.7347234759768E-18,0.012502,0.0068));
#2621=CARTESIAN_POINT('',(-0.0375,-0.025,0.0078));
#2622=CARTESIAN_POINT('',(-0.0375,-0.025,0.0078));
#2623=CARTESIAN_POINT('',(-0.0375,0.0375,0.0078));
#2624=CARTESIAN_POINT('',(-0.0375,-0.0375,0.0078));
#2625=CARTESIAN_POINT('',(-0.0375,0.0375,0.0078));
#2626=CARTESIAN_POINT('',(-0.0375,-0.0375,0.0078));
#2627=CARTESIAN_POINT('',(-0.025,-0.0375,0.0078));
#2628=CARTESIAN_POINT('',(0.0375,-0.0375,0.0078));
#2629=CARTESIAN_POINT('',(0.0375,-0.0375,0.0078));
#2630=CARTESIAN_POINT('',(-0.025,-0.0375,0.0078));
#2631=CARTESIAN_POINT('',(-0.037,-0.025,0.0078));
#2632=CARTESIAN_POINT('',(-0.037,-0.025,0.0068));
#2633=CARTESIAN_POINT('',(-0.037,-0.037,0.0068));
#2634=CARTESIAN_POINT('',(-0.037,-0.013,0.0068));
#2635=CARTESIAN_POINT('',(-0.037,-0.037,0.0078));
#2636=CARTESIAN_POINT('',(-0.037,-0.013,0.0078));
#2637=CARTESIAN_POINT('',(-0.025,-0.013,0.0078));
#2638=CARTESIAN_POINT('',(-0.013,-0.013,0.0078));
#2639=CARTESIAN_POINT('',(-0.013,-0.013,0.0068));
#2640=CARTESIAN_POINT('',(-0.025,-0.013,0.0068));
#2641=CARTESIAN_POINT('',(-0.013,-0.025,0.0078));
#2642=CARTESIAN_POINT('',(-0.013,-0.037,0.0078));
#2643=CARTESIAN_POINT('',(-0.013,-0.037,0.0068));
#2644=CARTESIAN_POINT('',(-0.013,-0.025,0.0068));
#2645=CARTESIAN_POINT('',(-0.025,-0.037,0.0078));
#2646=CARTESIAN_POINT('',(-0.025,-0.037,0.0068));
#2647=CARTESIAN_POINT('',(-0.025,-0.012498,0.0068));
#2648=CARTESIAN_POINT('',(0.013,-0.025,0.0078));
#2649=CARTESIAN_POINT('',(0.013,-0.025,0.0068));
#2650=CARTESIAN_POINT('',(0.013,-0.037,0.0068));
#2651=CARTESIAN_POINT('',(0.013,-0.013,0.0068));
#2652=CARTESIAN_POINT('',(0.013,-0.037,0.0078));
#2653=CARTESIAN_POINT('',(0.013,-0.013,0.0078));
#2654=CARTESIAN_POINT('',(0.025,-0.013,0.0078));
#2655=CARTESIAN_POINT('',(0.037,-0.013,0.0078));
#2656=CARTESIAN_POINT('',(0.037,-0.013,0.0068));
#2657=CARTESIAN_POINT('',(0.025,-0.013,0.0068));
#2658=CARTESIAN_POINT('',(0.037,-0.025,0.0078));
#2659=CARTESIAN_POINT('',(0.037,-0.037,0.0078));
#2660=CARTESIAN_POINT('',(0.037,-0.037,0.0068));
#2661=CARTESIAN_POINT('',(0.037,-0.025,0.0068));
#2662=CARTESIAN_POINT('',(0.025,-0.037,0.0078));
#2663=CARTESIAN_POINT('',(0.025,-0.037,0.0068));
#2664=CARTESIAN_POINT('',(0.0375,-0.025,0.0078));
#2665=CARTESIAN_POINT('',(0.0375,0.0375,0.0078));
#2666=CARTESIAN_POINT('',(0.0375,0.0375,0.0078));
#2667=CARTESIAN_POINT('',(0.0375,-0.025,0.0078));
#2668=CARTESIAN_POINT('',(0.025,-0.012498,0.0068));
#2669=CARTESIAN_POINT('',(-0.025,0.,0.0073));
#2670=CARTESIAN_POINT('',(-0.025,0.0115,0.0073));
#2671=CARTESIAN_POINT('',(-0.0365,0.0115,0.0073));
#2672=CARTESIAN_POINT('',(-0.0135,0.0115,0.0073));
#2673=CARTESIAN_POINT('',(-0.0365,0.,0.0073));
#2674=CARTESIAN_POINT('',(-0.0365,-0.0115,0.0073));
#2675=CARTESIAN_POINT('',(-0.025,-0.0115,0.0073));
#2676=CARTESIAN_POINT('',(-0.0135,-0.0115,0.0073));
#2677=CARTESIAN_POINT('',(-0.0135,0.,0.0073));
#2678=CARTESIAN_POINT('',(-0.035,0.,0.0073));
#2679=CARTESIAN_POINT('',(-0.035,0.01,0.0073));
#2680=CARTESIAN_POINT('',(-0.035,-0.01,0.0073));
#2681=CARTESIAN_POINT('',(-0.025,0.01,0.0073));
#2682=CARTESIAN_POINT('',(-0.015,0.01,0.0073));
#2683=CARTESIAN_POINT('',(-0.015,0.,0.0073));
#2684=CARTESIAN_POINT('',(-0.015,-0.01,0.0073));
#2685=CARTESIAN_POINT('',(-0.025,-0.01,0.0073));
#2686=CARTESIAN_POINT('',(-0.025,0.012502,0.0068));
#2687=CARTESIAN_POINT('',(-0.025,-0.012,0.0068));
#2688=CARTESIAN_POINT('',(-0.013,-0.012,0.0068));
#2689=CARTESIAN_POINT('',(-0.037,-0.012,0.0068));
#2690=CARTESIAN_POINT('',(-0.037,-1.7347234759768E-18,0.0068));
#2691=CARTESIAN_POINT('',(-0.013,-1.7347234759768E-18,0.0068));
#2692=CARTESIAN_POINT('',(-0.015,0.012502,0.0068));
#2693=CARTESIAN_POINT('',(-0.015,-0.01,0.0068));
#2694=CARTESIAN_POINT('',(-0.015,0.01,0.0068));
#2695=CARTESIAN_POINT('',(-0.025,0.01,0.0068));
#2696=CARTESIAN_POINT('',(-0.035,0.01,0.0068));
#2697=CARTESIAN_POINT('',(-0.035,0.012502,0.0068));
#2698=CARTESIAN_POINT('',(-0.035,-0.01,0.0068));
#2699=CARTESIAN_POINT('',(-0.025,-0.01,0.0068));
#2700=CARTESIAN_POINT('',(-0.037,-1.7347234759768E-18,0.0078));
#2701=CARTESIAN_POINT('',(-0.037,-0.012,0.0078));
#2702=CARTESIAN_POINT('',(-0.013,-1.7347234759768E-18,0.0078));
#2703=CARTESIAN_POINT('',(-0.013,-0.012,0.0078));
#2704=CARTESIAN_POINT('',(-0.025,-0.012,0.0078));
#2705=CARTESIAN_POINT('',(-0.025,0.0115,0.0073));
#2706=CARTESIAN_POINT('',(-0.025,0.0115,0.0078));
#2707=CARTESIAN_POINT('',(-0.0365,0.0115,0.0078));
#2708=CARTESIAN_POINT('',(-0.0135,0.0115,0.0078));
#2709=CARTESIAN_POINT('',(-0.0365,0.0115,0.0073));
#2710=CARTESIAN_POINT('',(-0.0135,0.0115,0.0073));
#2711=CARTESIAN_POINT('',(-0.0365,0.,0.0073));
#2712=CARTESIAN_POINT('',(-0.0365,0.,0.0078));
#2713=CARTESIAN_POINT('',(-0.0365,-0.0115,0.0078));
#2714=CARTESIAN_POINT('',(-0.0365,-0.0115,0.0073));
#2715=CARTESIAN_POINT('',(-0.025,-0.0115,0.0073));
#2716=CARTESIAN_POINT('',(-0.025,-0.0115,0.0078));
#2717=CARTESIAN_POINT('',(-0.0135,-0.0115,0.0078));
#2718=CARTESIAN_POINT('',(-0.0135,-0.0115,0.0073));
#2719=CARTESIAN_POINT('',(-0.0135,0.,0.0073));
#2720=CARTESIAN_POINT('',(-0.0135,0.,0.0078));
#2721=CARTESIAN_POINT('',(-0.025,0.01,-0.0289155244403392));
#2722=CARTESIAN_POINT('',(-0.015,0.01,-0.0289155244403392));
#2723=CARTESIAN_POINT('',(-0.035,0.01,-0.0289155244403392));
#2724=CARTESIAN_POINT('',(-0.035,0.,-0.0289155244403392));
#2725=CARTESIAN_POINT('',(-0.035,-0.01,-0.0289155244403392));
#2726=CARTESIAN_POINT('',(-0.025,-0.01,-0.0289155244403392));
#2727=CARTESIAN_POINT('',(-0.015,-0.01,-0.0289155244403392));
#2728=CARTESIAN_POINT('',(-0.015,0.,-0.0289155244403392));
#2729=CARTESIAN_POINT('',(0.,0.025,0.0073));
#2730=CARTESIAN_POINT('',(0.,0.0365,0.0073));
#2731=CARTESIAN_POINT('',(-0.0115,0.0365,0.0073));
#2732=CARTESIAN_POINT('',(0.0115,0.0365,0.0073));
#2733=CARTESIAN_POINT('',(-0.0115,0.025,0.0073));
#2734=CARTESIAN_POINT('',(-0.0115,0.0135,0.0073));
#2735=CARTESIAN_POINT('',(0.,0.0135,0.0073));
#2736=CARTESIAN_POINT('',(0.0115,0.0135,0.0073));
#2737=CARTESIAN_POINT('',(0.0115,0.025,0.0073));
#2738=CARTESIAN_POINT('',(-0.01,0.025,0.0073));
#2739=CARTESIAN_POINT('',(-0.01,0.035,0.0073));
#2740=CARTESIAN_POINT('',(-0.01,0.015,0.0073));
#2741=CARTESIAN_POINT('',(0.,0.035,0.0073));
#2742=CARTESIAN_POINT('',(0.01,0.035,0.0073));
#2743=CARTESIAN_POINT('',(0.01,0.025,0.0073));
#2744=CARTESIAN_POINT('',(0.01,0.015,0.0073));
#2745=CARTESIAN_POINT('',(0.,0.015,0.0073));
#2746=CARTESIAN_POINT('',(-1.7347234759768E-18,0.037502,0.0068));
#2747=CARTESIAN_POINT('',(0.,0.013,0.0068));
#2748=CARTESIAN_POINT('',(0.012,0.013,0.0068));
#2749=CARTESIAN_POINT('',(-0.012,0.013,0.0068));
#2750=CARTESIAN_POINT('',(-0.012,0.025,0.0068));
#2751=CARTESIAN_POINT('',(-0.012,0.037,0.0068));
#2752=CARTESIAN_POINT('',(0.,0.037,0.0068));
#2753=CARTESIAN_POINT('',(0.012,0.037,0.0068));
#2754=CARTESIAN_POINT('',(0.012,0.025,0.0068));
#2755=CARTESIAN_POINT('',(0.01,0.037502,0.0068));
#2756=CARTESIAN_POINT('',(0.01,0.015,0.0068));
#2757=CARTESIAN_POINT('',(0.01,0.035,0.0068));
#2758=CARTESIAN_POINT('',(-1.7347234759768E-18,0.035,0.0068));
#2759=CARTESIAN_POINT('',(-0.01,0.035,0.0068));
#2760=CARTESIAN_POINT('',(-0.01,0.037502,0.0068));
#2761=CARTESIAN_POINT('',(-0.01,0.015,0.0068));
#2762=CARTESIAN_POINT('',(-1.7347234759768E-18,0.015,0.0068));
#2763=CARTESIAN_POINT('',(1.7347234759768E-18,0.0375,0.0078));
#2764=CARTESIAN_POINT('',(1.7347234759768E-18,0.0375,0.0078));
#2765=CARTESIAN_POINT('',(-0.02075,0.0375,0.005));
#2766=CARTESIAN_POINT('',(-0.02075,0.0375,0.00535));
#2767=CARTESIAN_POINT('',(-0.02075,0.0375,0.00465));
#2768=CARTESIAN_POINT('',(-0.02175,0.0375,0.00535));
#2769=CARTESIAN_POINT('',(-0.02175,0.0375,0.00635));
#2770=CARTESIAN_POINT('',(-0.025,0.0375,0.00635));
#2771=CARTESIAN_POINT('',(-0.02825,0.0375,0.00635));
#2772=CARTESIAN_POINT('',(-0.02825,0.0375,0.00535));
#2773=CARTESIAN_POINT('',(-0.02925,0.0375,0.00535));
#2774=CARTESIAN_POINT('',(-0.02925,0.0375,0.005));
#2775=CARTESIAN_POINT('',(-0.02925,0.0375,0.00465));
#2776=CARTESIAN_POINT('',(-0.02825,0.0375,0.00465));
#2777=CARTESIAN_POINT('',(-0.02825,0.0375,0.00365));
#2778=CARTESIAN_POINT('',(-0.025,0.0375,0.00365));
#2779=CARTESIAN_POINT('',(-0.02175,0.0375,0.00365));
#2780=CARTESIAN_POINT('',(-0.02175,0.0375,0.00465));
#2781=CARTESIAN_POINT('',(-0.012,0.025,0.0078));
#2782=CARTESIAN_POINT('',(-0.012,0.013,0.0078));
#2783=CARTESIAN_POINT('',(-0.012,0.037,0.0078));
#2784=CARTESIAN_POINT('',(0.,0.037,0.0078));
#2785=CARTESIAN_POINT('',(0.012,0.037,0.0078));
#2786=CARTESIAN_POINT('',(0.012,0.025,0.0078));
#2787=CARTESIAN_POINT('',(0.012,0.013,0.0078));
#2788=CARTESIAN_POINT('',(0.,0.013,0.0078));
#2789=CARTESIAN_POINT('',(0.,0.0365,0.0073));
#2790=CARTESIAN_POINT('',(0.,0.0365,0.0078));
#2791=CARTESIAN_POINT('',(-0.0115,0.0365,0.0078));
#2792=CARTESIAN_POINT('',(0.0115,0.0365,0.0078));
#2793=CARTESIAN_POINT('',(-0.0115,0.0365,0.0073));
#2794=CARTESIAN_POINT('',(0.0115,0.0365,0.0073));
#2795=CARTESIAN_POINT('',(-0.0115,0.025,0.0073));
#2796=CARTESIAN_POINT('',(-0.0115,0.025,0.0078));
#2797=CARTESIAN_POINT('',(-0.0115,0.0135,0.0078));
#2798=CARTESIAN_POINT('',(-0.0115,0.0135,0.0073));
#2799=CARTESIAN_POINT('',(0.,0.0135,0.0073));
#2800=CARTESIAN_POINT('',(0.,0.0135,0.0078));
#2801=CARTESIAN_POINT('',(0.0115,0.0135,0.0078));
#2802=CARTESIAN_POINT('',(0.0115,0.0135,0.0073));
#2803=CARTESIAN_POINT('',(0.0115,0.025,0.0073));
#2804=CARTESIAN_POINT('',(0.0115,0.025,0.0078));
#2805=CARTESIAN_POINT('',(0.,0.035,-0.0289155244403392));
#2806=CARTESIAN_POINT('',(0.01,0.035,-0.0289155244403392));
#2807=CARTESIAN_POINT('',(-0.01,0.035,-0.0289155244403392));
#2808=CARTESIAN_POINT('',(-0.01,0.025,-0.0289155244403392));
#2809=CARTESIAN_POINT('',(-0.01,0.015,-0.0289155244403392));
#2810=CARTESIAN_POINT('',(0.,0.015,-0.0289155244403392));
#2811=CARTESIAN_POINT('',(0.01,0.015,-0.0289155244403392));
#2812=CARTESIAN_POINT('',(0.01,0.025,-0.0289155244403392));
#2813=CARTESIAN_POINT('',(0.025,0.,0.0073));
#2814=CARTESIAN_POINT('',(0.025,0.0115,0.0073));
#2815=CARTESIAN_POINT('',(0.0135,0.0115,0.0073));
#2816=CARTESIAN_POINT('',(0.0365,0.0115,0.0073));
#2817=CARTESIAN_POINT('',(0.0135,0.,0.0073));
#2818=CARTESIAN_POINT('',(0.0135,-0.0115,0.0073));
#2819=CARTESIAN_POINT('',(0.025,-0.0115,0.0073));
#2820=CARTESIAN_POINT('',(0.0365,-0.0115,0.0073));
#2821=CARTESIAN_POINT('',(0.0365,0.,0.0073));
#2822=CARTESIAN_POINT('',(0.015,0.,0.0073));
#2823=CARTESIAN_POINT('',(0.015,0.01,0.0073));
#2824=CARTESIAN_POINT('',(0.015,-0.01,0.0073));
#2825=CARTESIAN_POINT('',(0.025,0.01,0.0073));
#2826=CARTESIAN_POINT('',(0.035,0.01,0.0073));
#2827=CARTESIAN_POINT('',(0.035,0.,0.0073));
#2828=CARTESIAN_POINT('',(0.035,-0.01,0.0073));
#2829=CARTESIAN_POINT('',(0.025,-0.01,0.0073));
#2830=CARTESIAN_POINT('',(0.025,0.012502,0.0068));
#2831=CARTESIAN_POINT('',(0.025,-0.012,0.0068));
#2832=CARTESIAN_POINT('',(0.037,-0.012,0.0068));
#2833=CARTESIAN_POINT('',(0.013,-0.012,0.0068));
#2834=CARTESIAN_POINT('',(0.013,-1.7347234759768E-18,0.0068));
#2835=CARTESIAN_POINT('',(0.013,0.012,0.0068));
#2836=CARTESIAN_POINT('',(0.025,0.012,0.0068));
#2837=CARTESIAN_POINT('',(0.037,0.012,0.0068));
#2838=CARTESIAN_POINT('',(0.037,-1.7347234759768E-18,0.0068));
#2839=CARTESIAN_POINT('',(0.035,0.012502,0.0068));
#2840=CARTESIAN_POINT('',(0.035,-0.01,0.0068));
#2841=CARTESIAN_POINT('',(0.035,0.01,0.0068));
#2842=CARTESIAN_POINT('',(0.025,0.01,0.0068));
#2843=CARTESIAN_POINT('',(0.015,0.01,0.0068));
#2844=CARTESIAN_POINT('',(0.015,0.012502,0.0068));
#2845=CARTESIAN_POINT('',(0.015,-0.01,0.0068));
#2846=CARTESIAN_POINT('',(0.025,-0.01,0.0068));
#2847=CARTESIAN_POINT('',(0.013,-1.7347234759768E-18,0.0078));
#2848=CARTESIAN_POINT('',(0.013,-0.012,0.0078));
#2849=CARTESIAN_POINT('',(0.013,0.012,0.0078));
#2850=CARTESIAN_POINT('',(0.025,0.012,0.0078));
#2851=CARTESIAN_POINT('',(0.037,0.012,0.0078));
#2852=CARTESIAN_POINT('',(0.037,-1.7347234759768E-18,0.0078));
#2853=CARTESIAN_POINT('',(0.037,-0.012,0.0078));
#2854=CARTESIAN_POINT('',(0.025,-0.012,0.0078));
#2855=CARTESIAN_POINT('',(0.025,0.0115,0.0073));
#2856=CARTESIAN_POINT('',(0.025,0.0115,0.0078));
#2857=CARTESIAN_POINT('',(0.0135,0.0115,0.0078));
#2858=CARTESIAN_POINT('',(0.0365,0.0115,0.0078));
#2859=CARTESIAN_POINT('',(0.0135,0.0115,0.0073));
#2860=CARTESIAN_POINT('',(0.0365,0.0115,0.0073));
#2861=CARTESIAN_POINT('',(0.0135,0.,0.0073));
#2862=CARTESIAN_POINT('',(0.0135,0.,0.0078));
#2863=CARTESIAN_POINT('',(0.0135,-0.0115,0.0078));
#2864=CARTESIAN_POINT('',(0.0135,-0.0115,0.0073));
#2865=CARTESIAN_POINT('',(0.025,-0.0115,0.0073));
#2866=CARTESIAN_POINT('',(0.025,-0.0115,0.0078));
#2867=CARTESIAN_POINT('',(0.0365,-0.0115,0.0078));
#2868=CARTESIAN_POINT('',(0.0365,-0.0115,0.0073));
#2869=CARTESIAN_POINT('',(0.0365,0.,0.0073));
#2870=CARTESIAN_POINT('',(0.0365,0.,0.0078));
#2871=CARTESIAN_POINT('',(0.025,0.01,-0.0289155244403392));
#2872=CARTESIAN_POINT('',(0.035,0.01,-0.0289155244403392));
#2873=CARTESIAN_POINT('',(0.015,0.01,-0.0289155244403392));
#2874=CARTESIAN_POINT('',(0.015,0.,-0.0289155244403392));
#2875=CARTESIAN_POINT('',(0.015,-0.01,-0.0289155244403392));
#2876=CARTESIAN_POINT('',(0.025,-0.01,-0.0289155244403392));
#2877=CARTESIAN_POINT('',(0.035,-0.01,-0.0289155244403392));
#2878=CARTESIAN_POINT('',(0.035,0.,-0.0289155244403392));
#2879=CARTESIAN_POINT('',(0.025,0.037502,0.0068));
#2880=CARTESIAN_POINT('',(0.025,0.013,0.0068));
#2881=CARTESIAN_POINT('',(0.037,0.013,0.0068));
#2882=CARTESIAN_POINT('',(0.013,0.013,0.0068));
#2883=CARTESIAN_POINT('',(0.013,0.025,0.0068));
#2884=CARTESIAN_POINT('',(0.013,0.037,0.0068));
#2885=CARTESIAN_POINT('',(0.025,0.037,0.0068));
#2886=CARTESIAN_POINT('',(0.037,0.037,0.0068));
#2887=CARTESIAN_POINT('',(0.037,0.025,0.0068));
#2888=CARTESIAN_POINT('',(0.02975,0.0315,0.0068));
#2889=CARTESIAN_POINT('',(0.0281,0.0315,0.0068));
#2890=CARTESIAN_POINT('',(0.02025,0.0315,0.0068));
#2891=CARTESIAN_POINT('',(0.0186,0.0315,0.0068));
#2892=CARTESIAN_POINT('',(0.013,0.025,0.0078));
#2893=CARTESIAN_POINT('',(0.013,0.013,0.0078));
#2894=CARTESIAN_POINT('',(0.013,0.037,0.0078));
#2895=CARTESIAN_POINT('',(0.025,0.037,0.0078));
#2896=CARTESIAN_POINT('',(0.037,0.037,0.0078));
#2897=CARTESIAN_POINT('',(0.037,0.025,0.0078));
#2898=CARTESIAN_POINT('',(0.037,0.013,0.0078));
#2899=CARTESIAN_POINT('',(0.025,0.013,0.0078));
#2900=CARTESIAN_POINT('',(0.02975,0.0315,-2.00000000000027E-6));
#2901=CARTESIAN_POINT('',(0.02975,0.0315,0.0078));
#2902=CARTESIAN_POINT('',(0.0314,0.0315,0.0078));
#2903=CARTESIAN_POINT('',(0.02025,0.0315,-2.00000000000027E-6));
#2904=CARTESIAN_POINT('',(0.02025,0.0315,0.0078));
#2905=CARTESIAN_POINT('',(0.0219,0.0315,0.0078));
#2906=CARTESIAN_POINT('',(-0.037,0.025,0.0078));
#2907=CARTESIAN_POINT('',(-0.037,0.025,0.0068));
#2908=CARTESIAN_POINT('',(-0.037,0.013,0.0068));
#2909=CARTESIAN_POINT('',(-0.037,0.037,0.0068));
#2910=CARTESIAN_POINT('',(-0.037,0.013,0.0078));
#2911=CARTESIAN_POINT('',(-0.037,0.037,0.0078));
#2912=CARTESIAN_POINT('',(-0.025,0.037,0.0078));
#2913=CARTESIAN_POINT('',(-0.02925,0.037,0.005));
#2914=CARTESIAN_POINT('',(-0.02925,0.037,0.00465));
#2915=CARTESIAN_POINT('',(-0.02925,0.037,0.00535));
#2916=CARTESIAN_POINT('',(-0.02825,0.037,0.00535));
#2917=CARTESIAN_POINT('',(-0.02825,0.037,0.00635));
#2918=CARTESIAN_POINT('',(-0.025,0.037,0.00635));
#2919=CARTESIAN_POINT('',(-0.02175,0.037,0.00635));
#2920=CARTESIAN_POINT('',(-0.02175,0.037,0.00535));
#2921=CARTESIAN_POINT('',(-0.02075,0.037,0.00535));
#2922=CARTESIAN_POINT('',(-0.02075,0.037,0.005));
#2923=CARTESIAN_POINT('',(-0.02075,0.037,0.00465));
#2924=CARTESIAN_POINT('',(-0.02175,0.037,0.00465));
#2925=CARTESIAN_POINT('',(-0.02175,0.037,0.00365));
#2926=CARTESIAN_POINT('',(-0.025,0.037,0.00365));
#2927=CARTESIAN_POINT('',(-0.02825,0.037,0.00365));
#2928=CARTESIAN_POINT('',(-0.02825,0.037,0.00465));
#2929=CARTESIAN_POINT('',(-0.013,0.037,0.0078));
#2930=CARTESIAN_POINT('',(-0.013,0.037,0.0068));
#2931=CARTESIAN_POINT('',(-0.025,0.037,0.0068));
#2932=CARTESIAN_POINT('',(-0.013,0.025,0.0078));
#2933=CARTESIAN_POINT('',(-0.013,0.013,0.0078));
#2934=CARTESIAN_POINT('',(-0.013,0.013,0.0068));
#2935=CARTESIAN_POINT('',(-0.013,0.025,0.0068));
#2936=CARTESIAN_POINT('',(-0.025,0.013,0.0078));
#2937=CARTESIAN_POINT('',(-0.0345,0.013,0.003));
#2938=CARTESIAN_POINT('',(-0.0345,0.013,0.006));
#2939=CARTESIAN_POINT('',(-0.025,0.013,0.0068));
#2940=CARTESIAN_POINT('',(-0.0155,0.013,0.003));
#2941=CARTESIAN_POINT('',(-0.0155,0.013,0.006));
#2942=CARTESIAN_POINT('',(-0.025,0.013,0.006));
#2943=CARTESIAN_POINT('',(-0.025,0.037502,0.0068));
#2944=CARTESIAN_POINT('',(-0.02925,0.012498,0.005));
#2945=CARTESIAN_POINT('',(-0.02925,0.037,0.00535));
#2946=CARTESIAN_POINT('',(-0.02925,0.012498,0.00465));
#2947=CARTESIAN_POINT('',(-0.025,0.012498,0.00365));
#2948=CARTESIAN_POINT('',(-0.02825,0.012498,0.00365));
#2949=CARTESIAN_POINT('',(-0.02175,0.0375,0.00365));
#2950=CARTESIAN_POINT('',(-0.025,0.012498,0.00635));
#2951=CARTESIAN_POINT('',(-0.02825,0.0375,0.00635));
#2952=CARTESIAN_POINT('',(-0.02175,0.012498,0.00635));
#2953=CARTESIAN_POINT('',(-0.02075,0.012498,0.005));
#2954=CARTESIAN_POINT('',(-0.02075,0.037,0.00465));
#2955=CARTESIAN_POINT('',(-0.02075,0.012498,0.00535));
#2956=CARTESIAN_POINT('',(-0.02825,0.012498,0.00535));
#2957=CARTESIAN_POINT('',(-0.02825,0.012498,0.00465));
#2958=CARTESIAN_POINT('',(-0.02175,0.012498,0.00465));
#2959=CARTESIAN_POINT('',(-0.02175,0.012498,0.00535));
#2960=CARTESIAN_POINT('',(-0.0155,0.037502,0.003));
#2961=CARTESIAN_POINT('',(-0.0155,0.037502,0.006));
#2962=CARTESIAN_POINT('',(-0.0345,0.037502,0.003));
#2963=CARTESIAN_POINT('',(-0.0345,0.037502,0.006));
#2964=CARTESIAN_POINT('',(-0.025,0.037502,0.006));
#2965=CARTESIAN_POINT('',(0.,-0.025,0.0073));
#2966=CARTESIAN_POINT('',(0.,-0.0135,0.0073));
#2967=CARTESIAN_POINT('',(-0.0115,-0.0135,0.0073));
#2968=CARTESIAN_POINT('',(0.0115,-0.0135,0.0073));
#2969=CARTESIAN_POINT('',(-0.0115,-0.025,0.0073));
#2970=CARTESIAN_POINT('',(-0.0115,-0.0365,0.0073));
#2971=CARTESIAN_POINT('',(0.,-0.0365,0.0073));
#2972=CARTESIAN_POINT('',(0.0115,-0.0365,0.0073));
#2973=CARTESIAN_POINT('',(0.0115,-0.025,0.0073));
#2974=CARTESIAN_POINT('',(-0.01,-0.025,0.0073));
#2975=CARTESIAN_POINT('',(-0.01,-0.015,0.0073));
#2976=CARTESIAN_POINT('',(-0.01,-0.035,0.0073));
#2977=CARTESIAN_POINT('',(0.,-0.015,0.0073));
#2978=CARTESIAN_POINT('',(0.01,-0.015,0.0073));
#2979=CARTESIAN_POINT('',(0.01,-0.025,0.0073));
#2980=CARTESIAN_POINT('',(0.01,-0.035,0.0073));
#2981=CARTESIAN_POINT('',(0.,-0.035,0.0073));
#2982=CARTESIAN_POINT('',(-1.7347234759768E-18,-0.012498,0.0068));
#2983=CARTESIAN_POINT('',(0.,-0.037,0.0068));
#2984=CARTESIAN_POINT('',(0.012,-0.037,0.0068));
#2985=CARTESIAN_POINT('',(-0.012,-0.037,0.0068));
#2986=CARTESIAN_POINT('',(-0.012,-0.025,0.0068));
#2987=CARTESIAN_POINT('',(-0.012,-0.013,0.0068));
#2988=CARTESIAN_POINT('',(0.,-0.013,0.0068));
#2989=CARTESIAN_POINT('',(0.012,-0.013,0.0068));
#2990=CARTESIAN_POINT('',(0.012,-0.025,0.0068));
#2991=CARTESIAN_POINT('',(0.01,-0.012498,0.0068));
#2992=CARTESIAN_POINT('',(0.01,-0.035,0.0068));
#2993=CARTESIAN_POINT('',(0.01,-0.015,0.0068));
#2994=CARTESIAN_POINT('',(-1.7347234759768E-18,-0.015,0.0068));
#2995=CARTESIAN_POINT('',(-0.01,-0.015,0.0068));
#2996=CARTESIAN_POINT('',(-0.01,-0.012498,0.0068));
#2997=CARTESIAN_POINT('',(-0.01,-0.035,0.0068));
#2998=CARTESIAN_POINT('',(-1.7347234759768E-18,-0.035,0.0068));
#2999=CARTESIAN_POINT('',(-0.012,-0.025,0.0078));
#3000=CARTESIAN_POINT('',(-0.012,-0.037,0.0078));
#3001=CARTESIAN_POINT('',(-0.012,-0.013,0.0078));
#3002=CARTESIAN_POINT('',(0.,-0.013,0.0078));
#3003=CARTESIAN_POINT('',(0.012,-0.013,0.0078));
#3004=CARTESIAN_POINT('',(0.012,-0.025,0.0078));
#3005=CARTESIAN_POINT('',(0.012,-0.037,0.0078));
#3006=CARTESIAN_POINT('',(0.,-0.037,0.0078));
#3007=CARTESIAN_POINT('',(0.,-0.0135,0.0073));
#3008=CARTESIAN_POINT('',(0.,-0.0135,0.0078));
#3009=CARTESIAN_POINT('',(-0.0115,-0.0135,0.0078));
#3010=CARTESIAN_POINT('',(0.0115,-0.0135,0.0078));
#3011=CARTESIAN_POINT('',(-0.0115,-0.0135,0.0073));
#3012=CARTESIAN_POINT('',(0.0115,-0.0135,0.0073));
#3013=CARTESIAN_POINT('',(-0.0115,-0.025,0.0073));
#3014=CARTESIAN_POINT('',(-0.0115,-0.025,0.0078));
#3015=CARTESIAN_POINT('',(-0.0115,-0.0365,0.0078));
#3016=CARTESIAN_POINT('',(-0.0115,-0.0365,0.0073));
#3017=CARTESIAN_POINT('',(0.,-0.0365,0.0073));
#3018=CARTESIAN_POINT('',(0.,-0.0365,0.0078));
#3019=CARTESIAN_POINT('',(0.0115,-0.0365,0.0078));
#3020=CARTESIAN_POINT('',(0.0115,-0.0365,0.0073));
#3021=CARTESIAN_POINT('',(0.0115,-0.025,0.0073));
#3022=CARTESIAN_POINT('',(0.0115,-0.025,0.0078));
#3023=CARTESIAN_POINT('',(0.,-0.015,-0.0289155244403392));
#3024=CARTESIAN_POINT('',(0.01,-0.015,-0.0289155244403392));
#3025=CARTESIAN_POINT('',(-0.01,-0.015,-0.0289155244403392));
#3026=CARTESIAN_POINT('',(-0.01,-0.025,-0.0289155244403392));
#3027=CARTESIAN_POINT('',(-0.01,-0.035,-0.0289155244403392));
#3028=CARTESIAN_POINT('',(0.,-0.035,-0.0289155244403392));
#3029=CARTESIAN_POINT('',(0.01,-0.035,-0.0289155244403392));
#3030=CARTESIAN_POINT('',(0.01,-0.025,-0.0289155244403392));
#3031=CARTESIAN_POINT('',(0.,0.,0.0078));
#3032=MECHANICAL_DESIGN_GEOMETRIC_PRESENTATION_REPRESENTATION('',(#1909),
#3033);
#3033=(
GEOMETRIC_REPRESENTATION_CONTEXT(3)
GLOBAL_UNCERTAINTY_ASSIGNED_CONTEXT((#3034))
GLOBAL_UNIT_ASSIGNED_CONTEXT((#3037,#3036,#3035))
REPRESENTATION_CONTEXT('Base Nonant','TOP_LEVEL_ASSEMBLY_PART')
);
#3034=UNCERTAINTY_MEASURE_WITH_UNIT(LENGTH_MEASURE(1.E-8),#3037,
'DISTANCE_ACCURACY_VALUE','Maximum Tolerance applied to model');
#3035=(
NAMED_UNIT(*)
SI_UNIT($,.STERADIAN.)
SOLID_ANGLE_UNIT()
);
#3036=(
NAMED_UNIT(*)
PLANE_ANGLE_UNIT()
SI_UNIT($,.RADIAN.)
);
#3037=(
LENGTH_UNIT()
NAMED_UNIT(*)
SI_UNIT($,.METRE.)
);
#3038=PRODUCT_DEFINITION_SHAPE('','',#3039);
#3039=PRODUCT_DEFINITION('','',#3041,#3040);
#3040=PRODUCT_DEFINITION_CONTEXT('',#3047,'design');
#3041=PRODUCT_DEFINITION_FORMATION_WITH_SPECIFIED_SOURCE('','',#3043,
 .NOT_KNOWN.);
#3042=PRODUCT_RELATED_PRODUCT_CATEGORY('','',(#3043));
#3043=PRODUCT('Base Nonant','Base Nonant','Base Nonant',(#3045));
#3044=PRODUCT_CATEGORY('','');
#3045=PRODUCT_CONTEXT('',#3047,'mechanical');
#3046=APPLICATION_PROTOCOL_DEFINITION('international standard',
'ap242_managed_model_based_3d_engineering',2020,#3047);
#3047=APPLICATION_CONTEXT('managed model based 3d engineering');
ENDSEC;
END-ISO-10303-21;
